StudentID,Age,Gender,Ethnicity,ParentalEducation,StudyTimeWeekly,Absences,Tutoring,ParentalSupport,Extracurricular,Sports,Music,Volunteering,GPA,GradeClass
1001,17,1,0,2,19.8,7,1,2,0,0,1,0,2.93,2
1002,18,0,0,1,15.4,0,0,1,0,0,0,0,3.04,1
1003,15,0,2,3,4.2,26,0,2,0,0,0,0,0.11,4
1004,17,1,0,3,10.0,14,0,3,1,0,0,0,2.05,3
1005,17,1,0,2,4.7,17,1,3,0,0,0,0,1.29,4
1006,18,0,0,1,8.2,0,0,1,1,0,0,0,3.08,1
1007,15,0,1,1,15.6,10,0,3,0,1,0,0,2.75,2
1008,15,1,1,4,15.4,22,1,1,1,0,0,0,1.36,4
1009,17,0,0,0,4.6,1,0,2,0,1,0,1,2.9,2
1010,16,1,0,1,18.4,0,0,3,1,0,0,0,3.57,0
1011,17,0,0,1,11.9,11,0,1,0,0,0,0,2.15,3
1012,17,0,0,1,7.6,15,0,2,0,0,0,1,1.56,4
1013,17,0,1,1,10.0,21,0,3,1,0,0,0,1.52,4
1014,17,0,1,2,12.1,21,0,4,0,1,0,0,1.75,4
1015,18,1,0,1,11.2,9,1,2,0,0,0,0,2.4,3
1016,15,0,0,2,9.7,17,1,0,0,1,0,0,1.34,4
1017,18,0,3,1,10.1,14,0,2,1,1,0,0,2.23,3
1018,18,1,0,0,3.5,16,1,2,0,0,0,0,1.38,4
1019,18,0,1,3,16.3,29,0,2,1,0,0,1,0.47,4
1020,17,0,0,1,10.8,9,0,2,0,0,1,0,2.4,3
1021,16,1,0,3,2.6,2,0,3,0,0,0,1,2.78,2
1022,15,0,0,2,15.3,25,0,1,1,0,0,0,0.35,4
1023,16,1,1,0,18.6,29,1,1,0,0,0,0,0.31,4
1024,18,1,3,4,18.9,20,0,2,1,0,0,0,1.77,4
1025,18,1,0,1,7.4,15,0,2,0,0,0,0,1.51,4
1026,16,1,0,3,2.7,5,0,4,0,0,1,0,2.98,2
1027,16,0,0,1,10.4,2,0,2,0,1,0,0,2.95,2
1028,16,1,0,3,2.3,8,0,3,0,0,1,0,2.15,3
1029,18,0,0,0,18.7,10,0,3,1,0,0,0,2.85,2
1030,18,0,0,2,3.7,20,0,3,1,0,0,0,1.52,4
1031,15,0,2,2,5.1,12,1,0,0,1,0,0,1.73,4
1032,15,0,0,3,8.1,17,0,4,0,0,0,1,1.85,4
1033,18,0,0,3,7.7,25,0,1,0,1,0,0,0.38,4
1034,16,0,3,3,15.9,21,0,0,1,1,0,0,0.95,4
1035,16,0,0,3,9.1,27,1,2,1,1,0,0,1.14,4
1036,15,0,3,1,3.4,23,0,1,0,0,0,0,0.26,4
1037,18,0,0,1,5.3,26,1,1,0,0,0,0,0.22,4
1038,15,0,2,1,10.2,21,1,1,0,1,0,0,1.07,4
1039,15,1,1,1,2.9,3,1,1,1,1,0,0,3.02,1
1040,17,1,2,1,12.2,21,1,3,1,1,0,0,1.53,4
1041,17,1,3,2,11.3,23,1,1,0,0,0,0,1.06,4
1042,17,0,0,1,14.3,7,0,2,0,0,0,0,2.63,2
1043,16,1,3,2,18.8,12,1,4,0,0,0,0,2.81,2
1044,18,1,0,1,18.2,9,0,2,0,1,0,0,2.89,2
1045,18,1,0,1,18.9,1,1,3,1,1,0,0,4.0,0
1046,18,0,0,2,4.9,7,0,4,0,0,1,0,2.52,2
1047,18,0,1,2,2.6,5,0,1,1,0,0,0,2.56,2
1048,17,0,0,2,6.0,15,0,2,0,0,0,0,1.7,4
1049,16,0,1,2,17.9,17,0,3,0,0,1,0,2.1,3
1050,16,1,1,1,19.4,16,0,4,1,0,0,0,2.46,3
1051,17,1,2,2,17.2,5,0,3,0,0,0,0,2.94,2
1052,16,1,2,0,2.2,12,1,1,1,0,1,0,1.99,4
1053,17,1,0,1,18.9,22,0,4,0,0,1,0,1.57,4
1054,18,0,0,2,8.5,13,0,1,0,1,0,0,1.66,4
1055,17,0,0,0,0.2,29,1,2,1,1,0,0,0.76,4
1056,18,0,0,1,8.8,25,0,2,0,1,0,0,0.8,4
1057,18,1,0,4,0.9,20,0,2,0,1,1,0,1.34,4
1058,15,0,0,4,10.9,29,0,3,1,0,0,0,0.29,4
1059,17,0,0,1,6.8,9,1,3,0,1,0,0,2.61,2
1060,15,1,3,0,9.5,23,0,3,0,1,0,0,0.93,4
1061,17,1,1,1,12.3,10,0,0,1,0,1,0,1.89,4
1062,17,0,0,1,17.4,12,0,2,0,0,1,0,2.33,3
1063,15,0,1,3,13.2,11,0,3,0,1,0,0,2.23,3
1064,15,0,0,1,8.7,8,0,2,0,1,0,0,2.39,3
1065,17,0,0,2,16.4,3,1,4,0,0,0,0,3.35,1
1066,16,0,1,1,18.1,6,1,3,1,0,0,0,3.26,1
1067,18,0,0,4,2.4,23,0,3,0,1,0,0,1.04,4
1068,15,1,0,1,10.6,28,0,0,0,1,0,0,0.03,4
1069,18,1,3,2,5.7,21,1,3,0,0,1,0,1.33,4
1070,16,1,2,1,0.9,1,0,4,0,0,1,0,3.28,1
1071,16,0,1,2,13.4,6,0,2,1,0,0,0,2.94,2
1072,16,1,1,1,17.3,28,0,3,0,0,1,1,0.74,4
1073,15,0,1,1,3.3,8,0,2,1,1,0,0,2.56,2
1074,16,0,0,3,16.2,4,1,2,0,0,0,0,3.3,1
1075,15,1,0,3,17.1,14,0,3,1,0,1,0,2.2,3
1076,16,0,0,3,18.3,17,0,3,0,1,0,0,1.86,4
1077,18,0,0,2,5.3,3,0,3,0,0,0,0,2.73,2
1078,18,1,1,3,18.1,18,1,1,1,1,0,0,2.13,3
1079,17,1,0,0,6.4,19,0,1,0,0,0,0,0.98,4
1080,18,1,3,1,11.0,25,0,3,0,1,0,0,0.99,4
1081,17,0,3,1,1.0,6,0,1,0,1,0,0,2.07,3
1082,18,1,2,2,0.9,25,0,2,0,0,0,0,0.5,4
1083,15,1,1,1,14.4,7,0,0,1,1,0,0,2.53,2
1084,18,0,2,1,8.9,16,0,1,0,1,0,0,1.46,4
1085,17,1,0,2,5.1,12,0,3,1,1,0,0,2.34,3
1086,17,1,2,3,3.8,23,0,3,0,0,0,0,1.16,4
1087,16,1,0,1,13.4,20,1,1,1,0,1,1,1.52,4
1088,15,0,2,1,0.0,27,0,1,0,0,1,0,0.0,4
1089,18,0,0,1,16.1,22,0,0,1,0,1,0,1.06,4
1090,16,0,2,1,1.6,10,0,2,0,0,1,1,2.23,3
1091,18,0,3,1,3.8,26,0,1,0,0,0,1,0.19,4
1092,18,1,0,2,7.7,0,0,2,1,1,0,0,3.51,0
1093,16,0,0,2,9.7,1,1,3,0,0,0,0,3.55,0
1094,16,0,3,2,7.1,16,1,3,0,1,0,0,2.24,3
1095,16,1,0,1,6.4,4,0,1,1,1,0,0,2.71,2
1096,16,1,2,3,19.3,29,0,3,0,0,0,1,0.73,4
1097,16,1,1,1,12.8,29,0,4,0,0,1,0,0.97,4
1098,18,0,0,2,0.5,5,0,2,0,1,0,0,2.56,2
1099,16,0,0,3,8.6,25,0,2,1,0,1,1,0.74,4
1100,15,0,0,1,17.5,24,0,2,0,0,0,0,0.72,4
1101,17,1,2,1,6.0,23,1,1,1,1,0,1,1.27,4
1102,16,1,0,3,1.9,6,0,3,1,0,1,1,2.53,2
1103,16,0,1,1,15.2,27,0,3,1,1,0,0,0.94,4
1104,18,1,0,2,12.1,20,1,2,0,1,0,0,1.52,4
1105,16,1,1,0,11.4,29,0,3,1,0,0,0,0.65,4
1106,16,1,2,2,1.1,14,0,3,0,1,1,1,2.05,3
1107,16,0,3,1,2.8,18,0,0,1,0,0,1,0.84,4
1108,18,1,0,0,12.5,15,0,1,0,1,0,0,1.46,4
1109,16,1,2,2,4.2,24,1,3,1,1,0,0,1.49,4
1110,17,0,2,1,10.1,12,1,4,0,0,0,0,2.59,2
1111,18,0,1,1,10.9,4,1,3,0,0,0,0,3.22,1
1112,17,1,3,0,5.7,2,1,4,0,0,1,0,3.55,0
1113,18,1,0,1,19.0,2,0,2,0,0,0,0,3.09,1
1114,16,0,0,1,16.8,18,1,1,0,1,1,0,1.92,4
1115,17,0,2,0,14.4,13,1,2,0,0,0,0,2.2,3
1116,18,1,0,3,1.6,15,0,0,0,0,0,1,0.88,4
1117,15,1,2,0,2.1,21,0,3,1,0,1,0,1.34,4
1118,16,1,2,2,9.9,16,0,4,0,0,0,0,1.82,4
1119,18,1,0,1,3.2,26,0,3,0,1,0,0,0.62,4
1120,15,0,2,1,19.6,3,0,2,1,0,1,1,3.62,0
1121,18,1,0,3,3.2,12,1,1,1,1,0,0,2.17,3
1122,15,1,1,1,9.7,7,1,1,0,1,1,0,2.97,2
1123,16,0,1,4,7.3,18,0,2,0,0,0,0,0.98,4
1124,17,1,3,1,12.8,4,0,3,0,0,0,0,3.1,1
1125,15,0,0,2,2.6,1,1,2,1,0,1,0,3.5,1
1126,18,1,0,2,8.6,14,0,4,1,0,0,0,2.59,2
1127,16,1,1,3,5.5,1,0,3,1,0,0,0,3.54,0
1128,15,0,2,2,17.8,10,1,1,0,1,0,0,2.82,2
1129,18,0,1,2,0.8,12,1,1,1,1,0,0,2.02,3
1130,18,1,0,1,18.3,22,1,3,0,0,0,0,1.37,4
1131,18,1,0,1,16.7,9,0,1,0,0,0,0,2.1,3
1132,15,1,0,3,6.0,2,0,3,0,0,0,0,3.03,1
1133,15,0,2,1,15.8,4,1,2,0,1,0,0,3.58,0
1134,15,1,0,1,0.6,2,0,1,1,0,0,0,2.43,3
1135,17,0,0,2,19.3,5,1,2,1,0,0,0,3.16,1
1136,15,0,3,1,10.5,12,0,2,1,0,0,0,2.12,3
1137,15,1,0,4,6.1,9,0,3,0,1,0,0,2.2,3
1138,15,0,3,2,7.3,18,0,0,1,0,1,1,1.18,4
1139,17,1,1,2,1.3,7,0,3,1,0,0,0,2.74,2
1140,15,1,2,3,19.8,17,1,3,0,0,0,0,2.24,3
1141,18,1,0,0,0.8,2,0,3,1,0,0,0,3.14,1
1142,15,1,0,1,13.1,23,1,0,1,1,0,0,1.05,4
1143,18,1,2,2,8.9,23,1,3,0,0,0,0,0.82,4
1144,18,0,2,1,19.0,16,0,2,1,0,1,0,2.03,3
1145,18,0,2,2,4.9,7,1,2,1,1,0,0,2.43,3
1146,17,1,0,3,10.6,9,0,3,1,0,0,0,2.66,2
1147,17,1,2,2,9.6,1,1,2,1,0,0,1,3.59,0
1148,17,0,2,1,14.1,11,0,3,0,1,0,0,2.31,3
1149,15,0,1,4,1.4,22,0,1,1,1,0,1,1.01,4
1150,18,0,2,2,3.9,5,0,3,1,0,0,0,2.88,2
1151,17,0,2,2,4.3,1,0,1,0,1,1,0,2.8,2
1152,17,1,1,1,14.8,20,1,3,0,1,0,0,1.76,4
1153,15,1,0,3,3.8,22,0,4,1,0,0,1,1.12,4
1154,17,0,0,2,11.5,23,0,2,0,0,0,0,1.03,4
1155,15,1,0,2,4.3,2,0,2,1,0,0,0,3.08,1
1156,16,0,0,3,17.2,16,1,3,1,1,0,0,2.63,2
1157,17,1,0,1,18.8,28,0,0,0,1,1,1,0.5,4
1158,16,0,0,2,10.4,6,0,2,0,0,0,0,2.78,2
1159,15,1,0,3,7.0,28,0,2,0,0,0,0,0.25,4
1160,18,0,0,1,4.7,20,0,3,0,0,0,1,1.19,4
1161,17,0,2,2,1.0,4,1,3,1,0,0,1,3.38,1
1162,15,1,3,3,5.4,22,1,3,0,0,0,0,1.29,4
1163,18,0,0,2,13.1,0,1,3,0,0,1,1,3.72,0
1164,18,1,3,2,10.7,7,0,3,1,0,0,0,2.67,2
1165,16,1,1,3,18.9,11,1,2,1,0,0,0,2.37,3
1166,15,0,0,3,7.9,13,0,2,0,1,0,0,1.62,4
1167,18,1,0,1,13.9,15,1,2,1,1,0,0,2.54,2
1168,17,1,1,0,9.8,9,0,4,0,1,0,0,2.3,3
1169,17,1,2,2,10.3,14,0,3,1,0,0,0,2.26,3
1170,16,1,2,2,5.4,20,0,2,0,1,0,0,1.32,4
1171,18,1,0,2,9.1,23,0,3,0,1,0,0,0.95,4
1172,15,0,0,2,9.4,25,0,2,1,0,0,1,0.82,4
1173,17,1,0,1,14.1,14,1,3,0,0,0,0,2.34,3
1174,18,1,0,2,18.8,9,0,2,0,1,0,0,2.68,2
1175,18,1,0,1,6.6,20,1,1,1,0,0,0,1.54,4
1176,16,1,0,2,0.8,27,0,3,1,0,0,0,0.2,4
1177,17,1,2,2,9.9,6,0,3,0,0,0,0,2.75,2
1178,17,0,3,1,10.9,25,1,2,1,0,1,0,1.1,4
1179,15,1,0,1,3.4,2,0,2,1,0,0,0,2.55,2
1180,17,0,3,2,15.2,1,0,3,1,0,0,1,3.27,1
1181,15,0,0,2,19.7,5,1,3,0,0,0,0,3.19,1
1182,17,0,0,1,18.9,20,0,3,1,0,0,0,1.72,4
1183,16,0,0,4,3.9,8,0,2,1,1,0,0,2.34,3
1184,17,1,1,2,17.5,9,1,4,1,1,0,0,3.27,1
1185,15,0,3,4,14.1,3,0,3,0,0,0,0,2.99,2
1186,15,0,1,2,9.1,26,1,3,1,0,0,0,0.9,4
1187,16,1,0,2,10.8,2,0,3,0,0,0,0,2.96,2
1188,17,1,1,3,17.0,8,0,1,1,0,0,0,2.67,2
1189,17,1,0,2,9.6,23,0,0,1,1,0,0,1.22,4
1190,16,0,2,2,7.5,21,1,3,0,0,0,0,1.37,4
1191,17,1,1,1,9.9,16,0,2,0,0,0,1,1.52,4
1192,17,1,0,2,11.6,13,1,3,0,0,0,0,2.23,3
1193,15,0,1,1,3.8,9,0,2,1,0,0,0,2.14,3
1194,17,1,1,1,18.0,12,0,2,0,0,0,0,2.26,3
1195,17,1,0,0,13.5,11,1,1,1,0,1,0,2.75,2
1196,16,1,1,0,12.7,26,0,3,1,1,0,0,0.9,4
1197,16,1,0,4,2.0,0,0,1,1,0,0,1,3.12,1
1198,18,0,2,1,12.1,27,0,3,1,0,1,0,1.29,4
1199,15,1,2,2,2.4,21,0,2,0,0,0,0,0.57,4
1200,17,1,2,3,1.6,28,0,3,1,0,0,0,0.58,4
1201,17,0,1,2,10.5,18,0,1,0,0,1,0,1.64,4
1202,18,1,1,1,8.1,18,0,1,0,0,0,0,1.23,4
1203,17,0,0,2,11.8,5,0,3,0,1,0,1,2.97,2
1204,15,1,2,2,1.8,12,0,2,1,0,0,0,2.01,3
1205,18,0,0,2,8.6,18,0,1,1,0,0,0,1.15,4
1206,15,0,0,2,3.5,12,1,4,0,0,0,0,2.19,3
1207,18,0,0,4,19.7,26,1,1,1,0,0,0,0.95,4
1208,18,0,0,2,11.2,25,0,2,1,0,0,0,0.57,4
1209,16,1,1,1,13.7,21,0,1,0,0,0,0,0.97,4
1210,15,0,0,2,6.5,20,1,2,1,0,1,1,1.66,4
1211,17,1,2,0,1.9,3,0,2,0,0,1,0,2.84,2
1212,17,0,0,3,19.5,23,0,1,0,0,1,1,0.19,4
1213,15,0,0,1,5.7,1,0,3,1,0,0,0,3.26,1
1214,17,0,1,1,8.5,14,1,2,0,0,0,0,1.92,4
1215,17,1,0,3,13.0,11,0,3,0,0,0,0,2.02,3
1216,15,0,0,2,0.5,29,1,1,1,0,0,0,0.13,4
1217,18,1,2,1,16.2,26,1,2,1,0,0,0,1.29,4
1218,15,1,0,2,10.7,6,0,0,1,0,1,0,2.59,2
1219,18,1,2,3,5.6,19,1,3,0,0,0,0,1.46,4
1220,17,1,0,1,1.2,17,0,3,0,0,0,0,1.47,4
1221,17,1,0,3,3.2,22,0,3,1,1,0,1,1.71,4
1222,17,1,2,0,17.9,12,0,2,0,1,0,1,2.29,3
1223,16,1,0,2,13.7,16,0,3,0,0,1,0,1.96,4
1224,18,1,0,3,5.0,3,0,3,0,0,0,0,2.62,2
1225,16,1,0,1,1.3,24,0,0,1,0,0,0,0.77,4
1226,16,0,0,2,13.8,13,0,1,0,0,1,0,1.81,4
1227,15,0,2,1,11.4,19,0,2,0,0,0,0,0.88,4
1228,16,0,0,2,8.1,27,0,3,0,1,0,0,0.82,4
1229,15,0,2,2,7.3,12,1,0,0,0,0,0,1.45,4
1230,15,0,2,2,4.3,2,0,3,0,1,0,0,3.34,1
1231,16,1,0,1,13.4,25,0,2,0,0,0,0,0.82,4
1232,18,1,3,1,19.4,25,0,2,0,0,0,0,0.68,4
1233,18,1,0,0,3.5,17,0,1,0,1,0,1,1.39,4
1234,18,1,3,1,11.9,13,0,2,0,1,0,1,1.99,4
1235,18,1,0,2,8.5,14,0,0,0,1,0,0,1.64,4
1236,18,1,1,3,8.9,2,0,0,0,1,0,0,2.51,2
1237,16,1,0,2,5.1,0,0,3,0,0,1,0,2.98,2
1238,16,0,0,2,16.5,25,1,2,0,0,1,0,1.26,4
1239,17,0,1,4,9.7,23,1,2,0,0,0,0,1.42,4
1240,18,0,2,2,10.9,16,0,1,1,0,1,0,1.6,4
1241,16,0,0,3,6.1,2,1,2,0,1,0,0,3.09,1
1242,17,1,0,2,3.6,13,0,0,1,1,0,0,1.64,4
1243,18,1,2,1,1.7,2,0,2,0,1,0,0,2.59,2
1244,15,1,1,0,14.3,12,1,2,0,0,0,0,2.39,3
1245,17,0,3,2,3.9,14,0,2,1,0,0,0,1.9,4
1246,16,1,2,1,13.8,17,0,4,0,1,0,0,2.11,3
1247,15,1,3,1,7.8,13,0,2,0,0,0,0,1.7,4
1248,15,1,2,2,8.3,20,0,2,1,0,0,0,1.04,4
1249,15,0,0,2,9.4,25,0,2,0,1,0,0,1.19,4
1250,17,1,0,2,7.4,2,0,1,0,0,1,0,2.65,2
1251,16,0,2,1,2.0,18,0,3,0,1,0,0,1.23,4
1252,15,0,1,1,6.2,7,0,2,1,0,0,0,2.13,3
1253,18,0,0,2,13.3,3,1,1,1,0,0,0,2.91,2
1254,15,0,0,4,13.3,3,0,3,0,0,0,1,3.12,1
1255,15,1,3,2,5.7,18,1,0,0,0,0,0,1.04,4
1256,17,0,1,3,9.2,10,0,4,1,0,0,1,2.4,3
1257,17,0,0,2,3.9,0,1,3,0,0,0,0,3.16,1
1258,16,1,0,2,4.2,7,1,2,0,1,1,0,2.72,2
1259,18,1,0,1,0.5,14,0,1,1,1,0,0,1.53,4
1260,17,0,0,2,17.9,0,0,1,0,0,0,0,3.47,1
1261,15,1,0,2,4.2,6,0,1,1,0,0,0,2.3,3
1262,16,0,0,2,4.6,20,1,1,1,0,0,0,1.27,4
1263,15,0,2,2,5.6,19,0,2,1,1,0,1,1.48,4
1264,15,0,0,2,2.5,19,0,4,0,0,1,1,1.45,4
1265,17,0,2,1,12.8,23,0,2,0,0,0,0,0.81,4
1266,16,1,2,2,1.5,10,1,3,0,0,0,0,2.15,3
1267,18,0,0,1,2.7,26,0,3,0,0,0,0,0.56,4
1268,18,1,1,3,12.9,28,0,3,0,0,0,0,0.58,4
1269,17,1,0,1,6.8,13,0,0,0,1,1,1,1.6,4
1270,17,1,2,0,14.2,21,1,2,0,1,0,0,1.0,4
1271,16,1,0,2,11.1,15,0,3,0,0,0,0,1.66,4
1272,18,0,1,2,5.1,13,0,3,0,0,0,1,1.53,4
1273,18,1,1,2,13.0,11,0,4,0,0,0,0,2.21,3
1274,18,0,0,1,2.3,16,0,3,0,0,0,1,1.16,4
1275,15,1,0,2,10.7,13,1,1,0,0,0,0,2.15,3
1276,18,1,1,1,8.7,9,0,2,1,0,0,1,2.59,2
1277,15,0,2,3,5.4,23,0,0,1,1,0,0,0.91,4
1278,16,0,0,3,12.1,28,1,3,0,0,0,0,0.7,4
1279,15,0,1,2,17.4,13,1,2,0,0,0,0,2.14,3
1280,16,1,0,1,20.0,17,0,3,0,0,0,0,1.55,4
1281,18,1,2,2,12.2,21,0,4,0,0,0,1,1.55,4
1282,18,0,0,0,8.1,8,1,3,0,0,1,0,2.97,2
1283,16,0,2,2,4.5,16,0,2,1,0,0,1,1.63,4
1284,17,0,0,1,5.1,5,1,1,0,0,0,0,2.33,3
1285,16,0,0,3,9.6,7,1,3,1,1,1,0,3.27,1
1286,17,1,0,0,7.3,25,0,1,0,0,0,0,0.35,4
1287,15,0,0,2,18.3,12,1,1,0,0,0,0,1.89,4
1288,15,0,1,2,7.4,17,0,1,0,0,0,0,1.46,4
1289,15,0,0,2,7.5,4,0,2,1,0,0,0,2.55,2
1290,18,0,2,0,7.7,5,0,1,0,0,0,0,2.22,3
1291,15,1,0,4,16.7,20,1,4,0,1,1,0,1.85,4
1292,17,0,0,2,13.0,18,0,4,1,0,0,0,1.85,4
1293,15,1,0,2,12.3,3,0,4,0,0,1,0,3.27,1
1294,16,0,0,1,6.7,6,1,0,0,0,0,1,2.55,2
1295,16,0,0,2,16.4,3,0,4,0,0,0,0,3.1,1
1296,18,1,0,2,0.8,24,0,4,0,0,1,0,0.66,4
1297,16,0,0,0,17.4,10,1,4,0,1,0,0,3.09,1
1298,17,1,0,1,10.3,11,1,3,0,0,0,0,1.99,4
1299,15,1,1,3,8.0,13,1,3,0,1,0,0,2.61,2
1300,18,0,1,1,9.9,12,1,1,0,0,0,0,1.73,4
1301,15,1,0,1,13.3,28,0,3,1,0,0,0,1.11,4
1302,15,1,0,2,0.3,9,0,0,1,0,0,0,1.65,4
1303,17,1,3,2,17.4,17,0,2,0,0,0,0,1.34,4
1304,16,1,1,0,8.9,15,0,4,0,0,0,0,1.98,4
1305,16,1,1,2,6.9,4,0,2,0,1,1,0,3.06,1
1306,15,1,0,1,2.8,7,1,1,0,0,0,0,2.39,3
1307,18,1,2,0,8.8,13,0,4,0,0,0,0,2.08,3
1308,16,1,2,0,9.9,4,0,4,0,1,0,1,3.65,0
1309,18,0,1,3,8.1,25,0,1,1,0,0,0,0.32,4
1310,16,0,3,1,13.6,27,0,3,0,1,0,0,1.13,4
1311,18,1,0,0,8.4,23,0,2,1,0,0,0,0.63,4
1312,17,0,0,2,19.2,7,0,2,0,0,1,1,3.16,1
1313,18,1,2,3,12.0,24,0,1,0,0,0,0,0.68,4
1314,17,1,2,1,16.1,25,0,0,0,0,0,0,0.8,4
1315,17,0,0,2,2.2,5,1,1,0,1,0,0,2.84,2
1316,18,1,0,0,7.9,15,1,0,0,1,0,0,1.25,4
1317,17,1,0,2,6.7,27,0,4,0,0,0,0,0.53,4
1318,15,1,0,2,11.4,3,1,3,1,0,0,0,3.19,1
1319,17,1,2,2,17.2,11,0,3,0,0,1,0,2.82,2
1320,16,0,1,1,1.6,10,0,3,0,0,0,0,2.16,3
1321,18,1,0,1,1.5,2,0,1,1,0,0,0,2.72,2
1322,15,1,0,1,17.0,11,0,4,1,0,0,0,2.63,2
1323,18,1,0,1,4.3,29,1,3,1,1,0,0,0.91,4
1324,16,0,0,0,13.4,4,0,2,0,0,0,0,2.61,2
1325,16,1,1,2,10.9,5,1,1,0,1,0,0,2.98,2
1326,16,0,3,4,16.7,18,0,3,0,0,0,0,1.63,4
1327,17,0,2,4,2.5,17,0,3,0,1,0,0,1.36,4
1328,17,1,0,3,2.6,15,1,3,0,0,0,0,1.92,4
1329,18,1,2,2,11.1,22,0,0,0,0,0,0,1.01,4
1330,18,0,2,2,18.9,10,0,1,1,1,0,0,2.33,3
1331,15,1,2,1,8.3,4,0,2,1,1,1,0,3.39,1
1332,15,0,0,2,6.5,8,0,3,0,1,0,0,2.38,3
1333,18,0,0,2,12.1,2,0,0,0,0,0,0,2.78,2
1334,17,1,0,2,18.6,29,0,2,0,1,0,1,0.53,4
1335,16,1,0,2,16.7,7,0,2,0,0,0,0,2.54,2
1336,18,0,0,1,19.9,5,0,3,0,0,0,0,3.01,1
1337,15,0,0,1,0.5,3,0,2,1,0,0,0,2.99,2
1338,17,0,0,3,2.3,11,0,2,0,1,0,0,1.95,4
1339,18,0,2,0,12.2,11,0,3,0,0,0,0,2.15,3
1340,18,1,0,2,16.4,24,0,4,0,0,0,1,1.18,4
1341,17,1,0,3,5.7,20,0,1,1,0,0,0,1.4,4
1342,18,1,3,2,4.8,15,0,1,1,0,1,0,1.76,4
1343,17,1,3,2,15.7,9,0,4,1,0,1,0,2.9,2
1344,16,1,2,1,1.1,21,0,2,0,0,0,0,1.03,4
1345,17,0,3,1,7.4,13,0,3,0,0,0,1,1.91,4
1346,17,1,1,3,10.1,12,0,3,0,0,0,0,1.88,4
1347,17,1,3,2,11.2,8,0,1,0,1,1,0,2.61,2
1348,18,1,0,2,14.6,6,0,3,1,0,1,0,3.11,1
1349,18,1,0,0,7.1,11,0,3,0,0,0,0,1.39,4
1350,17,1,0,0,12.3,4,0,2,0,0,0,0,2.83,2
1351,18,0,0,4,11.7,17,0,0,0,0,1,0,1.09,4
1352,15,0,0,1,11.0,3,0,4,0,0,0,0,2.87,2
1353,15,0,1,2,12.8,1,0,2,0,1,0,0,2.9,2
1354,18,1,2,0,5.2,2,1,3,0,0,0,0,3.18,1
1355,18,0,1,2,1.7,25,0,3,0,0,0,0,0.47,4
1356,17,0,0,3,2.4,11,1,2,0,0,0,0,2.21,3
1357,16,1,2,2,4.5,2,1,3,1,1,0,0,3.38,1
1358,18,1,1,1,10.0,3,0,4,0,1,0,0,3.2,1
1359,15,1,0,2,16.8,5,0,2,0,0,1,0,3.35,1
1360,17,0,1,2,14.0,11,0,2,0,0,0,0,1.73,4
1361,18,0,0,2,15.8,18,0,4,1,0,0,0,2.22,3
1362,15,1,0,3,7.0,9,0,1,1,0,0,1,2.0,3
1363,15,1,3,2,8.1,29,1,0,0,0,0,0,0.72,4
1364,16,0,0,3,7.9,0,1,4,0,0,1,0,3.88,0
1365,17,0,0,2,3.8,16,0,3,1,0,1,0,1.69,4
1366,17,1,2,1,1.2,15,0,4,1,1,0,1,1.76,4
1367,16,1,2,1,11.8,8,0,0,0,0,0,0,2.14,3
1368,16,0,0,1,19.8,24,1,1,0,1,0,0,0.91,4
1369,17,1,0,3,3.3,20,1,1,0,0,0,0,1.14,4
1370,17,0,0,2,0.9,8,1,3,1,0,0,1,2.35,3
1371,18,0,1,2,15.6,26,0,3,0,0,0,0,0.62,4
1372,18,0,0,1,5.1,22,0,2,0,0,1,0,0.34,4
1373,16,0,0,1,16.6,8,0,0,0,0,0,0,2.22,3
1374,18,1,3,2,14.1,11,0,3,0,0,0,1,2.33,3
1375,15,1,1,2,18.9,22,1,2,1,0,0,0,1.62,4
1376,18,0,0,1,8.2,8,1,1,1,0,0,0,2.2,3
1377,18,0,1,2,13.2,14,0,4,0,1,0,0,2.58,2
1378,15,0,1,0,9.3,1,0,1,1,0,0,0,3.0,2
1379,16,0,0,1,12.6,10,0,3,0,0,1,0,2.37,3
1380,15,0,0,2,9.0,10,1,3,1,0,0,0,2.83,2
1381,18,1,2,1,3.8,7,0,2,1,1,0,1,2.53,2
1382,16,1,0,4,10.2,22,0,1,1,0,0,0,1.04,4
1383,18,1,1,1,10.6,5,0,2,1,0,0,1,2.66,2
1384,15,1,0,1,16.2,20,0,3,0,0,0,0,1.6,4
1385,15,0,0,1,14.7,19,1,1,1,0,0,0,1.8,4
1386,18,0,0,2,13.3,6,0,3,0,0,0,0,2.66,2
1387,17,0,0,2,2.3,2,0,4,0,0,0,0,3.0,2
1388,17,0,0,2,14.4,7,0,4,0,0,1,0,2.98,2
1389,15,0,0,0,10.0,17,0,2,0,0,0,0,1.38,4
1390,15,1,2,0,17.9,16,0,3,1,0,0,1,1.85,4
1391,17,0,3,2,18.4,10,0,4,0,0,0,0,2.44,3
1392,17,1,2,3,1.1,1,0,2,1,0,0,0,2.86,2
1393,18,1,2,3,16.4,24,1,1,1,0,0,0,1.21,4
1394,18,1,0,0,0.8,20,0,1,1,1,0,0,0.9,4
1395,17,1,3,2,7.3,26,0,1,0,0,0,0,0.27,4
1396,18,0,0,3,10.8,23,0,3,0,0,1,0,0.67,4
1397,18,1,3,1,3.0,18,0,2,0,0,0,0,1.09,4
1398,16,1,3,3,14.9,6,0,3,0,0,0,0,2.81,2
1399,18,1,2,1,0.2,17,1,3,1,0,0,1,1.87,4
1400,15,0,3,3,3.4,7,0,3,1,1,0,0,3.04,1
1401,18,0,1,2,11.6,13,0,3,0,0,0,1,2.14,3
1402,18,0,0,3,14.3,6,0,0,1,0,1,0,3.04,1
1403,17,1,0,2,18.3,27,0,3,0,1,0,0,0.99,4
1404,15,1,1,1,14.1,20,0,2,0,0,0,0,1.23,4
1405,18,0,0,3,13.4,27,0,2,0,1,0,0,0.86,4
1406,18,1,1,1,7.9,26,0,0,0,0,0,0,0.12,4
1407,16,0,3,1,0.0,3,0,4,1,0,0,0,2.93,2
1408,18,0,0,2,2.4,16,0,4,1,0,0,0,2.05,3
1409,18,1,2,2,10.7,4,0,2,1,0,0,0,3.07,1
1410,16,1,3,3,13.5,11,0,2,0,1,0,0,2.44,3
1411,17,1,3,1,8.3,8,0,3,0,1,0,0,2.43,3
1412,18,1,3,2,14.6,25,0,1,0,0,0,0,0.78,4
1413,16,0,1,2,10.4,19,1,1,1,1,1,0,1.88,4
1414,15,0,3,0,1.5,12,0,3,0,0,0,0,1.6,4
1415,17,0,2,1,3.8,24,0,1,0,1,0,0,0.7,4
1416,15,0,0,1,16.8,27,0,2,1,1,0,0,0.76,4
1417,15,0,0,1,14.5,17,1,2,1,0,0,0,1.5,4
1418,16,1,2,4,17.9,19,1,2,1,0,0,0,1.53,4
1419,18,0,0,2,2.4,8,0,1,1,1,0,0,2.27,3
1420,16,0,1,2,19.8,3,0,2,0,0,0,0,3.4,1
1421,16,0,1,4,4.2,20,1,2,0,1,0,0,1.44,4
1422,16,1,0,1,0.2,26,0,2,0,0,1,0,0.34,4
1423,16,1,1,3,19.9,7,0,3,0,0,0,0,3.11,1
1424,17,1,2,2,5.6,0,1,4,0,0,1,0,3.77,0
1425,18,1,0,3,13.4,16,0,1,0,0,0,0,1.66,4
1426,15,0,0,1,3.5,24,0,3,1,0,0,1,1.05,4
1427,15,0,0,3,11.6,8,1,1,0,0,1,0,2.54,2
1428,18,1,0,1,18.1,19,0,2,0,0,0,1,1.4,4
1429,15,1,3,1,6.4,12,0,2,1,1,0,0,2.03,3
1430,18,0,0,2,13.4,1,0,2,0,0,0,0,3.27,1
1431,15,0,1,1,3.8,12,0,3,1,1,0,0,2.02,3
1432,16,1,0,2,12.5,8,0,2,1,0,0,0,2.4,3
1433,15,1,0,2,6.7,29,0,2,1,0,0,0,0.29,4
1434,18,1,2,2,4.2,19,0,3,0,1,1,0,1.55,4
1435,18,1,2,1,6.3,5,1,1,1,0,0,0,2.91,2
1436,18,0,0,0,3.6,27,0,1,0,1,0,0,0.25,4
1437,18,0,0,1,18.0,0,1,0,1,0,0,0,3.42,1
1438,18,0,0,2,7.9,27,1,1,0,0,0,0,0.58,4
1439,17,1,0,1,4.9,24,0,2,0,1,0,0,0.93,4
1440,17,1,1,1,9.0,4,0,2,1,0,1,0,2.68,2
1441,15,0,0,1,6.4,2,1,1,0,0,0,1,3.11,1
1442,18,0,0,0,14.9,3,0,0,1,0,0,1,2.78,2
1443,15,0,0,2,19.4,0,0,3,0,1,1,1,4.0,0
1444,18,0,3,3,8.8,13,0,3,1,1,1,0,2.33,3
1445,18,1,3,1,17.2,8,1,4,1,0,0,0,3.07,1
1446,17,0,0,2,11.3,29,0,4,0,1,0,0,0.87,4
1447,17,0,2,2,3.1,23,0,4,0,1,0,1,1.52,4
1448,16,0,0,2,13.8,3,0,3,1,1,1,1,3.29,1
1449,17,0,0,2,10.3,17,1,3,1,0,0,0,2.18,3
1450,16,0,2,2,13.0,13,0,1,0,0,0,0,1.85,4
1451,16,0,3,2,17.8,24,0,3,1,1,0,1,1.48,4
1452,16,0,3,0,8.8,3,0,0,0,0,0,0,2.88,2
1453,16,1,1,2,18.0,24,0,3,0,1,1,0,1.06,4
1454,16,1,0,2,15.0,9,0,2,0,0,0,1,2.57,2
1455,15,1,2,0,9.8,2,0,3,1,0,1,0,3.59,0
1456,17,1,0,1,12.1,22,0,0,1,1,0,1,1.3,4
1457,16,0,1,4,6.5,6,1,2,0,1,1,0,3.21,1
1458,18,1,0,2,19.7,9,0,2,0,0,0,0,2.54,2
1459,17,1,1,2,13.3,12,0,1,1,0,0,0,1.99,4
1460,17,0,0,3,0.9,3,1,2,0,1,1,0,3.0,1
1461,16,0,0,2,6.5,17,0,0,1,1,0,0,1.51,4
1462,15,1,3,2,12.5,10,0,2,0,0,0,1,2.17,3
1463,16,1,0,2,1.1,24,1,2,0,0,0,1,0.64,4
1464,15,0,1,3,0.5,3,0,3,0,1,0,0,2.75,2
1465,18,1,0,2,9.0,23,0,2,1,0,1,0,1.04,4
1466,17,0,0,2,6.7,13,0,2,1,1,0,0,2.26,3
1467,18,0,0,1,8.8,17,0,4,0,0,0,0,1.67,4
1468,15,0,0,4,5.3,7,0,2,0,0,0,0,2.5,3
1469,15,0,2,2,3.3,26,1,2,0,0,0,0,0.28,4
1470,18,1,0,0,13.8,9,0,2,1,0,0,0,2.64,2
1471,15,0,3,3,10.3,4,0,3,1,1,0,1,3.06,1
1472,18,0,1,2,4.0,22,0,2,1,1,0,0,1.36,4
1473,17,1,0,0,6.4,6,1,2,1,0,1,0,3.24,1
1474,18,0,1,2,11.8,11,1,3,1,1,0,0,2.57,2
1475,17,1,1,2,1.4,24,0,0,0,0,0,0,0.0,4
1476,18,1,2,3,2.9,2,1,3,0,1,0,1,3.14,1
1477,15,1,0,1,1.5,25,1,2,1,0,0,0,1.05,4
1478,18,0,0,3,16.2,3,0,2,0,0,0,1,2.87,2
1479,15,1,2,2,15.0,9,0,3,0,0,0,0,2.64,2
1480,18,1,3,0,15.1,3,0,1,0,0,0,0,2.67,2
1481,18,0,2,4,14.3,14,1,3,0,1,1,0,2.79,2
1482,16,1,0,2,13.4,28,1,4,0,0,0,1,1.19,4
1483,15,1,2,1,9.5,9,0,2,0,0,0,0,2.52,2
1484,16,1,0,2,12.8,20,0,4,0,0,1,0,1.6,4
1485,15,1,0,3,0.8,29,0,0,0,0,0,0,0.0,4
1486,16,1,0,1,12.4,21,1,3,0,0,1,0,1.6,4
1487,17,0,1,1,15.6,15,1,2,1,0,0,0,2.22,3
1488,18,1,0,1,10.0,14,0,2,0,0,0,1,1.62,4
1489,15,1,0,1,7.2,18,0,1,1,1,0,1,1.68,4
1490,15,0,2,2,5.5,28,0,2,1,0,0,0,0.21,4
1491,18,0,0,2,12.9,19,1,1,1,0,0,0,1.56,4
1492,15,0,0,1,13.9,18,0,4,1,1,0,0,2.15,3
1493,15,1,0,1,17.4,17,0,3,0,1,0,0,2.07,3
1494,16,0,3,1,6.8,25,1,1,0,1,0,0,0.57,4
1495,15,1,1,3,15.4,11,0,1,1,0,0,0,2.16,3
1496,17,1,0,1,11.2,24,1,3,0,0,1,0,1.29,4
1497,17,0,2,4,17.7,15,0,2,0,1,1,0,2.34,3
1498,18,0,2,2,10.6,0,0,1,0,0,0,0,2.92,2
1499,15,1,0,1,10.4,15,1,2,1,0,1,0,2.19,3
1500,18,0,1,3,11.6,1,0,2,0,0,0,0,3.07,1
1501,17,1,2,2,15.0,23,0,1,0,0,0,0,1.01,4
1502,15,0,1,2,19.3,14,0,3,1,1,0,0,2.12,3
1503,15,0,0,4,1.5,6,0,3,1,0,0,0,2.62,2
1504,18,0,2,0,1.1,27,0,0,0,1,1,0,0.42,4
1505,17,1,1,0,18.8,0,1,4,1,0,0,0,3.95,0
1506,15,0,0,2,10.6,4,1,2,0,1,0,0,3.02,1
1507,18,1,0,1,12.3,9,1,1,1,0,0,0,2.81,2
1508,17,1,0,1,9.6,21,0,1,0,0,0,0,0.77,4
1509,18,1,0,0,1.9,20,1,1,0,0,0,0,0.89,4
1510,16,1,2,0,15.4,3,1,2,1,1,0,0,3.67,0
1511,15,0,0,2,14.9,13,0,1,0,1,0,0,1.4,4
1512,16,1,0,1,6.2,12,0,2,0,0,0,1,1.42,4
1513,17,1,1,2,6.1,0,0,1,1,0,0,1,3.15,1
1514,16,0,0,2,16.8,15,1,3,0,1,0,1,2.35,3
1515,16,1,3,2,1.4,22,0,3,1,1,0,0,1.16,4
1516,17,0,0,0,17.6,8,1,2,0,0,0,0,2.65,2
1517,18,1,0,2,5.1,21,0,3,0,1,1,0,1.3,4
1518,16,0,0,0,11.9,15,1,4,1,0,0,0,2.64,2
1519,18,1,0,2,18.7,18,0,3,0,0,0,0,1.74,4
1520,16,0,0,3,13.6,14,0,2,0,0,0,0,2.02,3
1521,18,1,2,2,8.3,25,0,2,0,1,0,0,0.72,4
1522,17,1,3,2,13.8,13,0,3,1,0,0,0,2.27,3
1523,16,0,0,2,6.9,19,1,1,0,0,0,0,1.27,4
1524,17,0,1,1,5.5,9,1,2,0,1,0,0,2.62,2
1525,16,0,2,3,19.9,20,0,2,0,0,0,0,1.23,4
1526,17,0,2,3,15.0,11,0,3,0,1,0,1,2.5,3
1527,17,1,0,1,12.9,27,0,3,0,1,0,0,0.7,4
1528,16,1,0,2,7.1,0,0,2,1,1,1,0,3.86,0
1529,16,0,0,3,1.0,20,0,1,1,0,1,0,0.68,4
1530,16,1,2,4,0.6,16,1,4,0,0,0,0,1.89,4
1531,15,0,2,2,11.1,8,1,0,0,1,0,0,2.33,3
1532,18,0,0,2,15.2,22,0,0,1,0,1,0,0.88,4
1533,15,1,0,1,10.7,18,0,2,0,0,1,0,1.41,4
1534,15,1,3,4,16.8,24,0,3,0,1,1,1,1.66,4
1535,17,1,2,1,0.7,17,0,3,1,0,0,0,1.34,4
1536,16,1,3,2,7.3,27,0,4,1,1,0,0,0.66,4
1537,18,1,2,1,4.7,6,0,1,0,0,1,0,2.15,3
1538,17,1,0,1,8.9,8,0,2,0,0,1,0,2.44,3
1539,15,1,1,2,1.4,21,0,1,0,0,0,0,0.27,4
1540,16,0,1,4,19.1,25,0,3,0,0,1,0,1.32,4
1541,17,0,0,0,4.5,20,0,2,1,0,0,0,0.82,4
1542,16,0,1,2,18.4,11,0,0,0,1,0,0,2.06,3
1543,17,0,2,0,8.5,6,1,3,1,0,0,0,3.22,1
1544,16,0,0,1,19.7,13,1,2,0,0,0,0,2.24,3
1545,15,1,2,2,11.1,14,1,2,0,1,0,0,1.91,4
1546,18,0,1,2,18.6,14,0,3,0,0,1,0,2.24,3
1547,15,0,3,1,0.1,5,0,1,1,0,0,0,2.25,3
1548,18,0,0,1,15.0,20,0,1,1,1,1,0,1.89,4
1549,16,0,0,0,18.1,13,0,1,0,0,1,0,2.21,3
1550,17,0,1,1,2.8,1,1,2,0,1,0,0,3.34,1
1551,15,0,0,4,1.9,7,0,1,1,1,0,0,2.41,3
1552,18,0,2,3,8.5,12,0,3,0,1,0,0,2.16,3
1553,15,1,2,1,18.7,22,0,1,0,1,0,0,1.17,4
1554,18,1,0,2,10.8,5,0,4,0,0,0,0,2.58,2
1555,15,0,1,3,10.5,4,1,1,0,1,0,0,3.02,1
1556,18,1,1,0,2.8,4,0,1,1,1,0,1,2.58,2
1557,18,1,0,3,0.0,24,0,1,0,0,0,0,0.23,4
1558,16,1,3,3,16.2,0,0,3,1,0,0,0,3.65,0
1559,18,1,2,0,1.8,8,1,2,1,1,0,0,2.61,2
1560,16,0,1,1,12.7,5,0,3,1,0,1,0,3.37,1
1561,18,1,2,4,18.3,19,0,3,0,1,0,0,1.58,4
1562,17,1,0,2,4.2,25,0,4,0,0,1,0,0.78,4
1563,17,1,3,0,13.3,29,1,3,0,0,1,0,0.78,4
1564,17,0,1,1,1.6,6,0,0,0,0,1,0,2.33,3
1565,18,0,2,2,12.1,8,0,3,1,0,0,0,2.72,2
1566,16,0,2,2,3.3,4,1,4,1,0,0,0,3.24,1
1567,16,0,0,2,14.7,13,1,4,1,0,0,0,2.87,2
1568,18,0,2,4,6.0,4,0,1,0,0,0,0,2.33,3
1569,17,0,0,1,9.3,7,1,3,0,1,1,0,3.3,1
1570,17,0,0,2,12.0,6,0,1,0,0,0,0,2.49,3
1571,16,1,0,2,3.4,12,1,1,1,1,1,0,2.6,2
1572,17,1,3,2,14.8,12,0,3,0,0,0,0,2.12,3
1573,15,1,2,1,6.1,7,0,4,0,0,0,0,2.52,2
1574,16,0,2,4,13.2,10,1,2,0,0,0,0,2.48,3
1575,17,0,2,3,3.2,27,1,3,1,0,0,0,0.78,4
1576,16,0,1,2,13.8,25,0,0,1,0,0,0,0.77,4
1577,15,0,3,2,2.6,17,1,0,1,0,0,0,1.28,4
1578,16,0,0,1,8.5,24,0,2,1,0,0,0,0.64,4
1579,16,1,0,2,4.9,18,1,2,0,0,0,0,1.67,4
1580,16,1,0,2,15.0,5,0,3,0,0,0,0,3.28,1
1581,16,0,2,2,5.2,21,0,2,0,1,0,0,0.74,4
1582,15,0,2,4,17.6,1,0,2,0,0,0,1,3.33,1
1583,18,0,0,2,17.8,27,0,2,1,1,0,1,1.18,4
1584,16,0,0,1,3.9,12,0,1,0,0,0,0,1.62,4
1585,16,1,2,2,12.3,22,0,4,0,0,0,0,1.58,4
1586,17,0,0,1,1.8,24,0,2,0,0,0,0,0.18,4
1587,16,0,2,1,7.8,27,1,2,0,0,0,0,0.47,4
1588,17,0,3,1,14.3,25,0,3,1,1,0,0,1.3,4
1589,18,0,0,2,13.2,10,0,2,0,0,0,1,2.38,3
1590,15,1,0,2,12.5,0,0,3,0,0,0,0,3.57,0
1591,15,0,2,2,5.7,23,0,1,0,0,0,0,0.28,4
1592,18,0,2,2,7.6,1,0,1,0,0,0,0,2.42,3
1593,15,1,1,2,2.1,29,0,4,0,1,0,1,0.62,4
1594,18,1,3,1,14.4,16,0,3,0,0,0,0,1.8,4
1595,18,1,0,3,10.1,7,0,2,1,0,0,0,2.64,2
1596,18,0,1,1,14.2,1,0,3,0,0,0,1,3.44,1
1597,15,0,2,1,5.0,5,0,4,0,0,1,1,2.74,2
1598,17,1,2,2,6.5,21,1,1,1,0,0,1,1.15,4
1599,18,1,0,1,6.7,4,0,0,0,0,0,0,2.41,3
1600,16,1,2,0,0.5,15,1,2,0,0,1,0,1.53,4
1601,15,1,1,2,6.8,7,0,1,1,1,0,0,2.45,3
1602,18,1,0,2,16.1,18,1,1,1,0,1,0,1.95,4
1603,18,1,0,2,17.9,15,0,3,1,0,0,0,2.29,3
1604,16,0,2,4,10.4,12,0,0,0,0,1,0,1.47,4
1605,17,0,0,2,9.1,25,1,3,0,0,0,1,1.11,4
1606,17,0,0,3,0.6,19,0,2,0,1,0,1,1.21,4
1607,17,1,0,1,17.6,6,0,2,0,0,0,0,2.56,2
1608,18,1,2,2,0.3,15,0,3,1,1,1,0,2.46,3
1609,18,1,1,3,18.9,22,1,2,0,0,0,0,1.23,4
1610,18,1,2,2,9.8,15,0,1,0,0,0,1,1.59,4
1611,15,1,0,2,6.8,28,0,1,1,0,0,0,0.31,4
1612,16,1,1,1,18.5,11,1,3,1,0,0,0,2.77,2
1613,18,0,1,0,0.5,13,0,1,1,0,0,0,1.58,4
1614,16,0,2,2,11.6,23,1,0,1,0,0,1,1.11,4
1615,16,1,3,1,11.0,17,0,4,0,0,0,0,2.3,3
1616,17,0,0,3,4.4,26,1,4,1,1,0,0,0.99,4
1617,15,1,1,1,8.6,27,0,2,0,1,1,1,0.17,4
1618,18,0,0,4,13.0,17,0,0,0,0,0,0,0.99,4
1619,17,1,1,4,14.5,15,0,3,1,0,1,0,2.23,3
1620,17,1,0,1,0.0,19,0,3,1,0,0,0,1.38,4
1621,18,0,0,1,18.7,15,0,1,1,1,0,0,2.13,3
1622,16,0,0,3,3.3,12,0,1,1,0,1,0,1.87,4
1623,17,1,1,4,4.7,25,0,3,1,0,1,0,1.25,4
1624,16,1,0,2,5.3,28,0,4,0,0,0,0,0.3,4
1625,15,0,2,1,0.8,8,0,3,1,0,0,1,2.71,2
1626,16,0,0,2,2.5,25,0,1,1,1,1,0,0.9,4
1627,15,1,0,2,19.7,27,0,2,1,1,0,0,1.39,4
1628,16,0,2,1,6.3,8,0,3,0,0,0,0,2.15,3
1629,17,1,0,2,2.3,12,0,1,0,0,0,0,1.45,4
1630,17,1,0,0,2.1,28,0,1,1,0,1,0,0.0,4
1631,15,1,1,0,14.4,3,1,1,0,0,0,0,3.09,1
1632,18,1,0,1,17.1,8,0,2,0,0,0,0,2.58,2
1633,15,0,0,1,5.1,14,0,2,0,0,0,0,1.96,4
1634,15,0,0,1,0.4,13,0,3,0,1,0,0,1.88,4
1635,16,0,3,2,4.5,18,1,3,1,1,0,0,1.63,4
1636,16,0,1,1,1.1,11,0,4,0,0,1,0,2.37,3
1637,15,0,1,1,2.1,20,1,3,1,0,0,0,1.28,4
1638,17,0,1,1,8.6,25,0,1,0,0,0,1,0.16,4
1639,16,0,0,4,4.6,24,1,2,0,1,1,1,1.28,4
1640,18,1,0,2,10.3,5,0,2,0,1,0,0,2.66,2
1641,16,0,2,2,5.1,2,0,0,1,0,1,0,2.68,2
1642,16,0,0,2,18.8,25,0,4,0,1,0,0,1.64,4
1643,18,1,0,4,18.1,24,1,0,1,1,0,0,1.4,4
1644,15,0,0,1,11.3,21,1,2,1,0,0,0,1.61,4
1645,18,0,0,2,7.1,19,0,2,1,0,1,0,1.19,4
1646,15,1,3,2,7.6,15,0,2,1,0,1,0,2.02,3
1647,15,0,0,2,8.2,29,0,3,0,0,0,1,0.24,4
1648,15,0,1,0,14.6,19,0,2,0,0,0,0,1.25,4
1649,18,0,0,2,9.0,23,0,1,0,0,1,0,0.85,4
1650,15,1,3,0,17.1,22,0,1,0,0,0,0,0.97,4
1651,17,0,0,2,18.9,16,1,4,1,1,0,0,2.42,3
1652,18,0,0,2,6.7,15,0,1,1,0,0,0,1.74,4
1653,17,1,2,1,11.2,5,0,1,0,0,1,0,2.85,2
1654,15,0,2,3,1.9,7,0,2,0,0,0,0,2.04,3
1655,16,1,0,0,4.0,18,1,1,1,0,0,0,1.54,4
1656,15,1,0,3,8.3,29,1,2,0,0,1,0,0.73,4
1657,17,0,0,2,4.1,24,0,3,1,0,0,0,0.5,4
1658,17,1,0,1,17.5,25,1,3,0,0,0,0,1.12,4
1659,18,1,0,1,3.2,1,1,3,0,1,0,0,2.96,2
1660,16,0,0,4,9.1,13,0,1,1,1,1,0,2.3,3
1661,18,1,0,0,12.1,21,0,2,0,1,0,0,1.35,4
1662,17,1,0,1,13.8,11,1,0,1,0,0,0,2.13,3
1663,15,0,1,1,7.7,16,0,0,1,0,0,1,1.3,4
1664,16,0,3,2,17.4,27,0,2,1,0,0,0,0.75,4
1665,15,0,1,2,11.4,26,0,1,1,1,1,0,0.53,4
1666,15,1,0,1,8.8,14,0,3,0,0,0,0,2.07,3
1667,16,0,0,1,1.3,17,1,3,1,1,0,0,1.99,4
1668,18,1,3,1,9.3,15,0,3,1,0,0,1,1.9,4
1669,15,1,0,1,16.4,12,0,3,1,1,0,0,2.61,2
1670,17,1,0,2,12.3,20,1,0,1,1,1,0,1.81,4
1671,15,1,1,2,16.6,16,0,2,1,0,0,0,1.58,4
1672,16,1,1,1,9.9,7,0,1,0,1,0,0,2.27,3
1673,16,1,1,1,2.4,0,1,2,1,0,0,0,3.36,1
1674,16,1,0,1,0.3,28,0,1,1,1,0,0,0.48,4
1675,18,0,0,4,6.1,24,0,0,1,1,0,0,0.2,4
1676,15,0,3,4,14.0,25,0,2,0,1,1,1,1.27,4
1677,18,1,0,3,15.8,26,0,3,1,0,0,0,0.88,4
1678,18,1,1,1,5.9,2,1,3,0,0,0,0,3.12,1
1679,16,0,2,0,9.9,15,0,2,0,1,0,1,1.8,4
1680,16,1,1,1,8.4,27,0,2,1,1,1,0,0.68,4
1681,18,0,0,1,8.2,1,0,2,1,0,0,1,2.9,2
1682,15,0,0,2,4.6,14,0,3,0,0,0,1,1.73,4
1683,17,0,1,2,2.7,0,1,0,1,0,1,0,3.56,0
1684,18,1,2,3,3.9,8,1,3,0,1,0,0,2.53,2
1685,15,1,3,3,1.1,15,1,2,0,1,0,0,1.59,4
1686,16,0,0,1,4.0,3,0,1,0,0,1,1,2.37,3
1687,16,0,0,2,0.2,11,1,0,1,0,0,0,1.81,4
1688,15,0,3,1,12.5,0,0,1,0,0,0,0,2.83,2
1689,17,0,2,0,6.3,0,1,2,0,0,0,1,3.05,1
1690,16,0,2,2,19.5,6,1,3,1,1,0,0,3.63,0
1691,16,1,0,0,3.9,17,0,2,0,0,0,1,0.93,4
1692,16,0,1,2,6.9,22,0,2,1,0,0,0,1.33,4
1693,15,1,2,1,7.2,27,0,4,1,1,0,1,0.78,4
1694,18,0,1,2,0.2,22,0,1,1,0,0,0,0.88,4
1695,16,1,0,2,16.8,14,1,1,0,0,0,0,2.4,3
1696,18,1,0,1,0.6,25,0,2,0,1,0,0,0.76,4
1697,17,1,1,3,18.8,29,0,3,1,0,0,0,1.03,4
1698,16,1,0,1,17.8,24,0,3,0,1,0,0,1.44,4
1699,16,1,0,2,10.7,12,1,2,0,0,0,0,2.21,3
1700,17,1,3,2,10.9,15,0,4,0,1,1,0,2.51,2
1701,16,0,0,2,13.1,6,0,3,0,0,0,0,2.69,2
1702,18,1,2,4,7.7,15,0,0,1,0,0,0,1.61,4
1703,15,0,0,1,12.9,12,0,3,1,0,1,1,2.71,2
1704,18,1,1,2,0.9,13,0,0,0,1,0,0,1.53,4
1705,15,1,3,2,1.1,16,1,3,0,1,0,0,1.78,4
1706,15,0,0,3,9.1,11,0,1,1,0,0,0,2.12,3
1707,18,1,0,1,11.0,28,0,3,0,0,0,0,0.41,4
1708,18,0,0,2,17.8,23,0,2,1,0,0,0,1.12,4
1709,18,0,0,2,2.1,23,0,3,0,0,0,0,0.87,4
1710,18,0,2,1,16.5,19,0,2,1,1,0,0,1.82,4
1711,17,0,3,2,4.2,12,0,3,1,0,0,0,2.23,3
1712,16,1,0,1,7.9,23,0,1,0,1,1,0,0.97,4
1713,15,1,0,2,6.3,19,0,4,0,1,0,0,1.69,4
1714,18,0,0,3,8.0,14,0,3,0,0,0,0,2.07,3
1715,18,1,2,2,3.0,23,1,1,1,1,0,0,1.06,4
1716,18,1,0,2,10.1,20,0,4,0,0,0,0,1.32,4
1717,17,0,1,2,16.0,3,1,2,1,0,0,1,3.52,0
1718,18,1,1,0,8.8,21,1,3,0,1,0,1,1.05,4
1719,18,0,1,1,9.8,1,0,3,1,0,0,0,3.49,1
1720,18,0,0,2,17.0,27,1,0,1,0,0,1,0.59,4
1721,16,1,2,1,14.1,17,0,4,0,1,0,0,2.36,3
1722,17,1,0,1,9.8,1,0,2,0,0,0,0,3.15,1
1723,18,1,0,2,5.2,24,0,1,0,0,0,0,0.59,4
1724,15,0,2,1,17.7,14,0,3,1,1,0,1,2.67,2
1725,15,0,2,1,11.5,29,0,3,0,0,0,0,0.3,4
1726,15,1,0,2,4.4,25,0,0,0,1,0,0,0.28,4
1727,17,1,0,1,5.4,18,0,1,1,0,0,0,0.87,4
1728,17,1,0,3,16.1,14,0,3,0,0,0,0,2.33,3
1729,15,1,0,3,0.9,25,0,0,1,1,1,0,0.32,4
1730,18,0,0,2,19.8,19,0,4,0,0,0,0,1.79,4
1731,17,1,0,1,2.6,9,0,3,0,1,0,0,2.57,2
1732,15,0,0,2,15.9,27,0,2,0,1,0,0,1.08,4
1733,15,0,2,3,7.9,23,0,2,1,1,0,1,1.09,4
1734,18,1,1,2,9.8,19,0,2,0,0,1,1,1.0,4
1735,16,1,1,1,17.6,10,1,2,1,0,0,0,2.82,2
1736,17,1,0,2,8.3,25,1,3,0,1,1,1,1.36,4
1737,18,0,3,3,10.7,9,0,4,0,0,0,1,2.61,2
1738,15,1,2,2,1.0,28,1,2,1,0,1,0,0.57,4
1739,15,1,2,2,0.0,22,0,2,0,0,0,1,0.57,4
1740,18,0,2,2,4.9,4,0,1,0,0,0,0,2.26,3
1741,17,1,3,2,13.6,8,1,3,0,0,0,0,2.84,2
1742,16,0,1,0,2.4,19,0,3,1,1,0,0,1.68,4
1743,16,1,0,2,2.3,18,1,3,1,0,0,0,1.72,4
1744,15,0,1,0,8.2,12,0,0,0,0,0,0,1.54,4
1745,17,1,2,2,13.0,17,0,3,0,1,0,0,2.06,3
1746,16,1,2,1,14.2,16,0,2,1,0,0,0,1.88,4
1747,17,0,1,2,3.6,26,0,3,1,1,0,1,0.86,4
1748,17,0,0,1,1.6,5,0,3,0,0,0,0,2.51,2
1749,15,1,0,2,18.8,9,0,3,1,1,0,1,2.77,2
1750,16,0,3,2,5.2,1,1,2,0,0,0,0,2.89,2
1751,18,0,1,1,17.1,23,0,3,0,1,0,0,1.34,4
1752,15,0,1,1,17.3,5,0,0,0,0,0,0,2.37,3
1753,16,0,0,1,15.5,27,0,3,0,0,1,0,0.85,4
1754,16,1,0,3,3.4,27,1,0,0,0,0,0,0.32,4
1755,16,1,2,2,16.4,20,0,2,1,1,0,0,1.83,4
1756,16,0,1,2,15.4,12,0,1,0,0,0,0,1.99,4
1757,16,0,2,1,11.9,17,1,3,0,1,0,0,2.23,3
1758,17,0,0,2,6.7,6,0,2,0,0,0,1,2.61,2
1759,15,0,1,3,5.3,1,0,3,1,0,0,0,3.41,1
1760,17,1,0,3,2.4,28,1,3,1,0,0,0,0.87,4
1761,18,1,2,2,10.2,13,1,3,0,1,0,0,2.17,3
1762,16,0,0,0,11.7,4,0,1,0,1,0,0,2.42,3
1763,15,0,0,1,7.2,17,0,3,0,1,0,0,1.51,4
1764,16,0,1,0,9.5,10,1,2,0,1,0,0,2.44,3
1765,15,1,3,1,7.3,9,0,0,0,0,0,0,2.0,3
1766,17,0,0,1,12.8,10,1,1,0,1,0,0,2.47,3
1767,15,1,2,1,18.0,26,0,1,1,0,1,0,0.84,4
1768,18,0,0,1,3.3,1,0,0,0,1,0,0,2.73,2
1769,18,1,0,3,7.6,14,0,2,0,0,0,0,1.74,4
1770,15,0,0,2,2.8,6,1,0,0,1,0,0,2.59,2
1771,15,1,0,3,12.5,8,1,2,1,0,0,0,2.74,2
1772,15,0,1,2,14.6,4,0,1,0,0,0,0,2.5,3
1773,15,0,0,1,18.6,6,1,1,0,0,1,0,2.85,2
1774,18,0,0,2,5.6,19,0,4,1,0,0,0,1.59,4
1775,16,1,3,1,19.0,1,0,2,0,0,1,0,3.21,1
1776,15,0,0,2,1.3,2,1,1,0,1,0,0,3.13,1
1777,15,1,2,1,12.1,1,1,2,0,1,1,1,3.45,1
1778,18,1,0,4,1.1,20,1,1,1,0,0,0,0.82,4
1779,18,0,1,1,17.9,21,1,0,0,0,0,0,1.22,4
1780,17,0,0,1,10.6,22,0,0,1,0,0,0,0.76,4
1781,15,0,0,3,13.4,18,0,4,0,1,1,0,2.15,3
1782,17,1,0,0,16.6,3,1,3,0,0,0,0,3.3,1
1783,18,0,0,2,3.0,23,0,3,1,0,1,0,1.17,4
1784,18,1,0,2,0.8,19,0,4,0,0,0,1,1.42,4
1785,16,1,1,3,17.6,6,0,4,0,0,0,0,2.9,2
1786,15,0,2,4,6.3,27,0,3,0,0,1,0,0.69,4
1787,17,0,2,4,2.6,21,1,3,1,0,1,1,1.89,4
1788,18,0,1,0,9.4,6,0,2,0,0,0,1,2.64,2
1789,18,0,0,3,12.0,16,1,1,0,0,0,0,1.5,4
1790,17,0,0,2,0.6,18,0,2,0,0,1,0,1.24,4
1791,16,0,0,2,5.5,21,0,2,0,0,0,0,0.6,4
1792,18,1,0,1,0.7,15,0,4,0,0,0,0,1.39,4
1793,15,1,1,2,8.4,2,0,2,0,0,1,0,3.3,1
1794,18,1,1,4,17.9,14,0,3,0,0,0,1,2.17,3
1795,15,0,0,3,19.7,13,0,2,1,1,0,0,2.8,2
1796,17,1,0,2,12.7,14,0,1,0,0,0,0,1.72,4
1797,15,1,2,0,3.2,13,0,2,0,1,0,0,1.69,4
1798,17,1,2,1,18.1,6,0,2,1,0,0,0,2.95,2
1799,15,1,0,3,10.3,24,0,2,1,0,0,0,0.96,4
1800,17,1,3,2,3.1,2,0,2,1,0,0,0,3.33,1
1801,15,0,3,2,18.4,29,0,1,0,0,0,0,0.44,4
1802,16,0,0,0,15.1,16,1,2,1,0,0,0,1.96,4
1803,15,1,0,2,14.6,9,0,3,1,1,0,0,2.85,2
1804,15,1,1,2,14.2,14,1,2,0,1,0,0,2.37,3
1805,16,1,3,3,4.0,28,1,2,0,0,0,0,0.15,4
1806,18,0,2,2,4.2,5,0,0,0,0,0,0,2.12,3
1807,18,0,0,1,13.8,27,1,1,1,0,1,1,0.92,4
1808,15,1,0,2,4.4,16,0,2,0,0,0,1,1.43,4
1809,16,0,1,0,8.8,16,1,2,0,1,0,0,1.89,4
1810,15,0,1,4,15.6,13,1,2,0,0,0,0,1.94,4
1811,17,1,0,1,15.7,23,0,3,1,1,0,0,1.51,4
1812,17,0,2,2,9.1,24,0,1,0,0,1,0,0.83,4
1813,15,0,1,1,15.8,17,0,0,1,0,0,0,1.76,4
1814,18,1,2,2,16.8,24,0,2,1,0,0,0,1.3,4
1815,18,0,2,2,13.1,4,0,2,0,0,0,0,2.47,3
1816,15,0,2,2,4.6,28,0,2,0,0,1,0,0.02,4
1817,15,1,0,1,5.5,7,0,3,0,0,0,0,2.2,3
1818,17,0,1,1,6.3,6,0,3,1,0,0,0,3.04,1
1819,18,0,0,1,2.3,22,1,1,1,0,0,0,1.07,4
1820,15,1,1,2,5.5,3,1,4,1,0,0,0,3.94,0
1821,17,1,0,0,4.2,17,0,1,0,0,1,0,1.48,4
1822,18,1,1,2,9.1,4,0,3,0,1,0,0,3.04,1
1823,16,0,0,3,18.2,15,0,3,0,1,0,0,2.1,3
1824,17,1,0,3,2.1,13,0,3,0,0,0,0,1.79,4
1825,18,0,0,2,14.4,26,1,1,1,0,0,1,1.1,4
1826,18,1,0,2,13.7,26,0,2,0,0,0,0,0.85,4
1827,17,0,2,0,1.9,18,0,2,0,1,0,1,1.2,4
1828,16,1,2,2,18.5,13,1,1,0,0,0,0,2.59,2
1829,17,1,1,3,11.4,8,1,0,0,0,0,1,2.28,3
1830,18,1,0,1,7.3,5,0,2,0,0,0,0,2.75,2
1831,15,1,0,2,15.1,16,0,2,0,1,0,0,1.92,4
1832,15,0,0,3,5.1,18,0,3,1,0,1,0,1.58,4
1833,17,1,0,3,13.9,11,0,1,0,0,1,0,1.72,4
1834,18,1,2,1,0.8,3,1,3,1,0,0,0,2.88,2
1835,15,0,0,2,16.8,15,0,1,0,0,0,0,1.89,4
1836,18,1,0,1,9.0,24,0,3,1,1,0,0,1.37,4
1837,17,0,0,1,12.7,10,1,2,0,0,0,0,2.55,2
1838,15,1,0,3,4.4,21,1,2,1,1,1,1,1.94,4
1839,18,1,1,3,13.5,3,1,3,1,0,0,1,3.31,1
1840,15,1,1,2,15.4,16,0,1,0,0,0,0,1.42,4
1841,17,0,0,0,9.5,7,0,1,0,1,0,0,2.35,3
1842,18,1,0,3,12.4,13,0,2,0,0,1,0,1.75,4
1843,15,1,0,2,9.1,26,0,1,1,0,1,0,0.51,4
1844,17,1,0,1,17.9,1,0,2,0,0,0,0,3.02,1
1845,15,0,0,2,10.0,10,0,1,0,1,0,1,1.83,4
1846,15,0,3,0,16.8,10,0,3,0,0,0,0,2.28,3
1847,16,1,1,2,16.0,23,1,3,1,1,0,1,1.77,4
1848,16,0,1,2,8.2,21,0,0,1,0,1,0,1.35,4
1849,17,1,0,1,4.6,23,1,3,0,1,0,0,1.03,4
1850,16,1,0,1,8.1,5,0,2,0,0,0,0,2.76,2
1851,17,1,1,1,16.5,20,1,2,1,0,0,0,1.79,4
1852,16,1,1,0,4.6,20,0,2,1,0,0,0,1.22,4
1853,15,1,2,2,10.5,13,1,3,0,1,0,1,2.44,3
1854,17,1,0,3,16.1,29,0,2,0,1,1,0,0.36,4
1855,17,1,1,0,7.1,9,0,3,1,0,0,0,2.25,3
1856,15,0,0,0,12.8,25,1,1,0,0,0,0,0.9,4
1857,17,0,2,2,4.9,26,0,4,0,0,0,0,0.66,4
1858,17,0,1,3,2.2,7,0,3,1,0,0,0,2.19,3
1859,16,0,1,1,15.9,6,1,1,0,0,1,1,2.88,2
1860,17,0,0,1,2.0,7,1,3,1,0,0,0,2.88,2
1861,18,0,1,2,5.4,27,0,2,0,0,0,0,0.01,4
1862,15,0,0,1,17.1,7,0,1,1,0,0,0,2.58,2
1863,16,1,0,0,6.9,22,0,1,0,1,0,0,1.16,4
1864,16,1,0,2,19.5,1,0,0,1,0,0,0,3.3,1
1865,18,1,1,2,19.6,26,1,3,0,0,0,0,1.51,4
1866,15,1,0,2,5.4,15,0,2,0,0,0,0,1.39,4
1867,15,0,0,2,0.8,8,0,2,0,0,0,1,2.24,3
1868,16,0,2,2,14.1,12,1,1,1,0,0,0,2.12,3
1869,17,1,0,1,9.0,22,0,2,0,0,0,1,1.04,4
1870,16,1,1,1,2.0,11,0,2,0,0,0,0,1.62,4
1871,15,0,0,1,14.2,26,0,3,0,0,0,0,0.87,4
1872,18,1,0,1,0.6,21,0,4,0,1,0,0,1.32,4
1873,16,1,2,2,17.4,24,0,2,1,0,0,1,1.26,4
1874,15,1,0,3,2.8,28,0,2,1,0,0,0,0.08,4
1875,16,1,0,4,2.5,16,0,2,0,1,1,0,1.69,4
1876,17,0,1,2,3.5,26,0,3,0,0,0,1,0.46,4
1877,16,1,1,1,19.2,1,0,1,1,0,0,0,3.58,0
1878,16,1,1,1,13.9,12,0,2,1,0,0,0,2.09,3
1879,15,0,0,3,16.0,0,0,3,1,0,0,0,3.37,1
1880,15,0,0,2,8.0,25,0,0,0,0,0,0,0.0,4
1881,15,1,2,2,6.7,27,0,1,0,0,0,0,0.09,4
1882,16,0,1,2,4.7,18,0,3,0,1,0,0,1.41,4
1883,17,1,2,2,9.6,10,0,1,0,0,0,0,1.88,4
1884,18,1,2,3,11.0,4,0,2,1,0,0,0,2.87,2
1885,18,0,2,0,12.6,0,1,2,0,0,0,0,3.71,0
1886,15,1,0,2,5.1,19,0,2,0,0,1,0,1.17,4
1887,15,1,0,3,19.0,29,1,1,1,0,0,0,1.0,4
1888,16,1,2,1,3.4,12,1,4,0,1,0,0,2.53,2
1889,18,1,0,2,19.3,7,0,0,1,1,0,0,2.6,2
1890,15,0,0,1,0.3,5,0,3,0,0,0,0,2.46,3
1891,17,0,2,4,9.6,28,1,0,0,0,0,0,0.55,4
1892,17,1,2,0,6.7,16,0,2,0,1,0,0,1.8,4
1893,15,0,0,2,9.0,11,1,1,0,0,0,0,2.31,3
1894,15,1,0,1,11.4,0,0,1,0,0,0,0,3.09,1
1895,18,1,0,2,8.7,2,0,1,0,0,0,0,2.62,2
1896,18,1,2,1,8.3,13,0,2,0,1,0,0,2.28,3
1897,16,1,3,1,14.7,25,0,2,1,0,0,0,1.05,4
1898,18,1,0,2,13.7,7,0,1,0,1,0,0,2.75,2
1899,17,0,0,3,16.7,10,0,4,0,0,0,0,2.62,2
1900,17,1,2,1,5.0,26,1,1,0,0,0,0,0.24,4
1901,15,0,0,1,12.2,13,1,2,0,0,0,0,2.19,3
1902,18,0,1,2,11.7,7,0,1,0,0,0,1,2.64,2
1903,16,1,3,2,7.4,28,1,2,0,1,0,0,0.83,4
1904,17,1,0,3,9.7,2,1,3,0,0,0,0,3.4,1
1905,17,1,1,1,6.3,6,1,2,0,0,1,0,2.62,2
1906,16,1,0,2,2.8,27,0,1,0,0,0,0,0.34,4
1907,16,1,0,1,4.3,18,1,1,1,0,0,1,1.7,4
1908,17,0,2,1,2.1,3,0,3,0,0,0,0,2.36,3
1909,17,1,0,2,13.7,24,0,1,0,0,0,0,0.85,4
1910,16,1,3,2,13.2,15,1,2,1,0,1,0,2.25,3
1911,17,0,1,2,19.0,12,0,1,1,1,0,0,2.48,3
1912,15,0,0,1,14.6,19,0,1,1,0,1,1,1.37,4
1913,15,1,0,2,1.0,18,1,1,0,1,0,0,1.36,4
1914,16,0,0,2,17.7,4,0,3,1,0,0,0,3.06,1
1915,18,1,0,4,17.3,22,1,3,1,0,0,0,1.56,4
1916,16,0,0,1,8.9,4,1,2,1,0,0,0,3.22,1
1917,16,0,0,1,11.7,19,0,1,0,1,0,0,1.15,4
1918,18,1,0,1,19.5,23,0,2,0,0,1,1,1.32,4
1919,18,0,2,2,10.6,3,1,2,1,1,0,0,3.49,1
1920,18,0,1,1,18.1,1,0,2,0,0,1,1,3.87,0
1921,15,0,2,3,1.7,25,1,0,0,0,0,1,0.17,4
1922,17,0,0,1,3.8,12,1,4,0,0,0,0,2.2,3
1923,15,0,0,3,8.8,29,0,2,0,0,0,0,0.02,4
1924,17,0,1,1,11.7,15,0,4,0,0,1,0,2.39,3
1925,15,1,0,2,16.3,21,1,0,0,1,0,0,1.36,4
1926,17,1,0,3,19.8,1,0,1,1,1,0,0,3.51,0
1927,15,0,2,1,7.8,18,0,1,0,1,0,0,1.44,4
1928,18,1,2,4,0.9,16,1,3,0,1,1,0,1.8,4
1929,16,1,1,2,16.0,4,1,2,1,1,0,0,3.26,1
1930,15,1,0,3,12.1,24,0,3,0,1,0,0,1.17,4
1931,17,0,2,2,4.0,17,0,3,0,0,0,0,1.4,4
1932,18,1,1,1,9.9,27,0,3,0,0,1,0,0.55,4
1933,15,0,2,1,14.8,22,1,3,0,0,0,0,1.52,4
1934,15,1,2,1,15.4,20,1,3,0,0,0,0,2.03,3
1935,18,0,2,0,10.0,17,1,3,1,1,0,0,2.29,3
1936,15,0,1,1,6.1,7,0,2,1,0,0,0,2.09,3
1937,16,1,0,1,19.5,26,1,3,1,0,0,1,1.67,4
1938,15,1,1,2,13.3,14,1,3,0,0,0,0,2.6,2
1939,16,0,1,2,8.2,12,0,2,0,0,0,0,1.95,4
1940,16,1,2,1,5.6,12,0,4,0,0,0,0,2.1,3
1941,18,1,0,1,14.6,15,1,0,0,0,0,0,1.38,4
1942,15,1,0,2,4.8,21,0,2,0,0,0,0,0.67,4
1943,18,0,2,1,3.4,19,0,1,1,0,1,0,1.14,4
1944,15,0,2,0,10.6,12,0,1,0,0,0,1,1.62,4
1945,15,1,3,1,5.8,19,0,3,0,0,0,1,1.12,4
1946,17,1,2,3,12.6,1,0,4,0,0,0,0,3.4,1
1947,15,1,1,3,2.4,2,0,3,0,0,0,0,2.68,2
1948,18,0,1,1,13.1,14,1,4,1,0,1,0,3.0,2
1949,16,0,2,2,5.7,22,1,1,1,1,0,0,1.28,4
1950,15,1,1,2,0.0,18,1,1,0,0,0,0,1.2,4
1951,17,1,1,2,2.5,12,0,2,0,1,0,0,1.98,4
1952,18,1,0,2,18.7,4,1,3,1,1,0,1,3.84,0
1953,15,1,0,2,17.3,25,1,0,1,1,0,0,1.18,4
1954,18,1,2,1,4.7,21,0,4,1,0,0,0,1.54,4
1955,17,1,0,0,15.6,5,0,3,0,0,0,1,3.16,1
1956,17,0,0,2,12.2,13,0,4,0,0,0,1,1.75,4
1957,18,1,0,3,19.4,3,1,2,0,0,0,0,3.05,1
1958,15,0,0,2,7.5,21,0,2,0,1,1,0,1.17,4
1959,16,1,0,3,13.6,18,1,3,1,0,0,0,1.79,4
1960,17,1,0,4,1.3,22,0,3,0,1,0,0,0.84,4
1961,15,0,3,1,7.9,6,0,1,0,1,0,0,2.4,3
1962,15,0,1,2,19.3,3,1,4,0,0,0,0,3.58,0
1963,16,0,0,2,10.8,1,0,3,1,0,1,0,3.23,1
1964,17,0,0,4,5.8,26,0,0,0,0,0,0,0.0,4
1965,17,1,1,4,2.4,6,1,1,0,0,1,0,2.81,2
1966,15,0,0,2,14.1,2,1,2,1,0,0,0,3.42,1
1967,15,1,2,1,12.9,14,0,2,0,1,0,1,2.11,3
1968,16,0,1,2,7.5,0,0,3,0,0,0,0,3.16,1
1969,16,1,2,1,19.0,1,0,0,0,0,0,0,2.99,2
1970,17,1,0,2,0.4,9,1,3,1,0,0,0,2.49,3
1971,18,1,1,3,6.1,15,0,3,1,0,1,0,2.13,3
1972,17,1,0,1,18.4,24,0,1,1,0,0,1,0.84,4
1973,15,1,3,2,6.4,27,0,2,1,0,1,0,0.68,4
1974,17,1,1,2,5.0,14,1,1,1,0,0,0,1.74,4
1975,18,0,0,2,10.7,23,1,1,1,0,0,0,1.25,4
1976,16,1,0,1,16.5,14,1,2,0,0,0,0,1.92,4
1977,18,0,0,2,2.1,13,0,4,1,0,0,0,2.19,3
1978,18,0,1,3,18.9,21,1,1,0,1,1,0,1.76,4
1979,18,1,0,3,15.9,13,0,2,1,0,0,0,1.92,4
1980,16,0,1,1,3.6,5,0,1,1,0,0,0,2.81,2
1981,18,1,0,3,14.2,13,1,1,0,0,0,0,2.14,3
1982,18,0,1,2,7.7,16,0,2,0,0,1,0,1.36,4
1983,18,1,2,1,8.0,17,0,3,0,1,0,0,1.72,4
1984,15,0,2,0,15.7,19,1,0,0,1,0,0,1.19,4
1985,18,1,2,1,19.3,18,0,4,0,0,0,0,1.53,4
1986,16,1,0,3,2.5,29,0,0,0,1,0,0,0.12,4
1987,18,1,0,2,8.4,16,0,3,0,1,0,0,1.56,4
1988,18,1,1,2,9.6,15,0,3,1,0,0,0,2.1,3
1989,16,0,0,1,7.5,7,1,2,0,1,0,0,3.01,1
1990,18,1,0,2,7.3,6,0,1,0,0,0,0,2.07,3
1991,16,0,0,0,1.0,19,1,2,0,0,1,0,1.75,4
1992,18,0,0,1,13.7,27,0,3,1,1,0,0,1.08,4
1993,16,0,0,2,8.7,11,0,3,0,0,1,0,2.27,3
1994,18,1,2,1,3.9,8,0,2,0,1,0,0,2.12,3
1995,18,0,0,3,16.3,26,1,2,0,0,0,0,0.74,4
1996,15,0,1,1,16.1,13,0,3,0,1,0,0,1.89,4
1997,15,0,0,2,9.7,19,1,4,0,0,0,0,1.59,4
1998,18,1,1,2,6.0,0,0,3,0,0,1,0,3.51,0
1999,18,1,0,2,12.8,9,1,3,0,0,1,0,2.63,2
2000,17,0,2,1,5.8,16,1,2,1,1,0,0,1.84,4
2001,16,1,2,0,4.7,16,1,3,1,0,1,0,1.83,4
2002,17,1,0,3,14.6,16,1,3,0,0,0,1,1.77,4
2003,15,0,3,1,0.8,3,0,3,1,0,1,1,3.2,1
2004,15,0,3,3,1.9,16,1,2,0,0,0,0,1.26,4
2005,15,1,2,4,0.1,17,0,2,0,1,1,1,1.43,4
2006,15,0,2,1,3.1,19,0,2,0,0,1,1,1.07,4
2007,18,1,0,1,1.4,22,0,2,0,0,0,1,0.83,4
2008,15,1,1,2,19.9,1,0,2,0,0,0,0,3.13,1
2009,18,1,0,4,5.8,7,0,3,1,0,0,0,2.54,2
2010,18,1,0,3,3.0,12,0,2,1,0,0,0,1.67,4
2011,15,1,3,2,4.8,22,0,1,0,1,1,0,0.82,4
2012,15,1,0,2,18.7,24,0,3,0,1,0,0,1.13,4
2013,16,0,2,1,10.4,29,0,3,0,0,0,0,0.33,4
2014,17,0,2,4,7.3,21,1,2,0,0,0,0,1.49,4
2015,15,1,2,4,17.5,19,1,1,0,1,0,0,1.68,4
2016,16,1,3,1,7.9,21,1,4,1,0,0,0,1.92,4
2017,16,1,0,1,6.7,14,0,3,0,0,0,0,1.94,4
2018,17,0,0,1,4.1,19,0,1,1,0,0,0,1.07,4
2019,18,1,0,1,7.6,22,1,0,0,0,0,0,0.97,4
2020,15,0,0,3,6.3,8,1,2,1,0,0,0,2.69,2
2021,17,1,0,1,13.5,2,1,3,1,1,0,0,3.52,0
2022,15,1,0,0,5.8,2,0,1,1,0,0,0,2.82,2
2023,16,0,2,1,11.5,1,0,2,1,1,0,0,3.49,1
2024,16,0,1,4,1.3,0,1,2,0,0,1,0,3.59,0
2025,18,1,0,2,3.8,13,0,3,0,0,0,0,1.58,4
2026,16,1,1,2,8.1,16,0,2,1,0,1,0,1.89,4
2027,16,1,0,1,18.7,12,1,2,0,1,0,0,2.37,3
2028,17,0,0,4,7.5,18,1,4,1,0,1,0,2.43,3
2029,15,0,2,3,13.3,29,0,1,0,0,0,0,0.39,4
2030,15,0,1,1,5.1,22,0,1,0,1,1,0,0.71,4
2031,17,0,2,0,2.5,14,1,3,0,1,1,0,2.57,2
2032,18,0,0,0,1.2,26,0,1,1,1,0,0,0.7,4
2033,15,0,2,1,6.1,24,1,3,1,0,1,0,1.59,4
2034,16,1,1,2,3.2,13,1,0,0,1,0,0,2.06,3
2035,15,1,1,3,3.5,1,1,1,0,0,0,0,3.13,1
2036,16,0,1,2,15.2,6,1,4,1,1,0,0,3.54,0
2037,18,1,2,3,0.3,16,0,2,1,1,1,0,2.06,3
2038,17,1,1,2,11.2,17,0,3,0,1,1,1,1.76,4
2039,15,0,1,2,7.6,5,0,1,1,1,0,0,2.62,2
2040,17,1,3,2,10.1,26,0,1,0,0,0,0,0.26,4
2041,15,0,2,1,11.3,20,0,3,0,1,1,0,1.7,4
2042,16,0,0,1,6.3,7,0,2,0,0,0,0,2.1,3
2043,17,1,2,2,5.9,27,1,2,1,1,1,0,0.84,4
2044,15,0,0,0,14.7,26,0,0,1,1,0,0,0.56,4
2045,16,0,0,1,17.4,1,0,2,1,0,0,0,3.35,1
2046,17,0,1,2,3.9,0,0,3,1,0,0,0,3.28,1
2047,17,0,3,4,2.0,15,0,3,0,1,0,0,1.56,4
2048,15,0,3,2,18.0,6,0,3,1,0,0,1,2.85,2
2049,15,0,0,3,7.0,21,0,3,0,0,0,0,1.14,4
2050,15,0,1,2,11.0,23,0,2,1,0,0,0,1.39,4
2051,16,0,0,2,7.2,10,1,2,0,0,0,0,2.18,3
2052,15,1,3,2,2.5,14,1,3,1,0,0,0,2.25,3
2053,17,1,3,3,11.8,12,1,1,1,0,0,0,2.25,3
2054,17,1,1,2,10.5,29,0,1,1,0,0,0,0.39,4
2055,15,0,2,2,4.1,23,0,4,1,1,0,0,1.48,4
2056,15,0,2,2,9.0,1,0,0,0,0,0,0,2.67,2
2057,18,1,1,2,15.9,13,0,1,1,0,0,0,1.83,4
2058,17,1,0,1,11.8,23,0,2,0,0,1,0,0.76,4
2059,16,1,0,0,1.9,5,0,3,1,0,0,0,2.94,2
2060,18,0,1,0,11.0,8,1,2,1,0,1,0,3.05,1
2061,15,1,1,3,14.1,27,0,2,0,1,0,0,0.92,4
2062,15,1,0,1,15.9,6,0,4,1,0,1,0,3.46,1
2063,17,0,3,1,12.6,17,0,3,0,0,0,0,1.84,4
2064,15,1,0,2,3.1,23,0,3,1,1,0,0,1.19,4
2065,16,0,1,1,14.2,8,1,0,1,0,1,0,2.42,3
2066,17,0,1,2,13.5,22,0,1,0,0,0,0,0.91,4
2067,15,0,1,1,0.5,3,0,2,0,1,0,0,3.07,1
2068,17,1,1,4,8.2,8,0,1,0,0,0,0,2.17,3
2069,15,1,0,3,6.7,3,0,0,1,1,0,0,2.55,2
2070,15,0,0,3,13.4,11,0,1,1,0,1,0,2.45,3
2071,15,1,1,2,4.3,3,1,2,0,0,1,0,3.46,1
2072,16,1,1,2,11.8,24,1,3,1,1,0,0,1.44,4
2073,16,1,0,1,18.3,29,1,3,0,0,0,0,0.91,4
2074,17,1,2,0,16.0,23,0,0,0,0,1,0,0.92,4
2075,15,0,0,0,18.4,19,0,2,0,1,1,0,1.84,4
2076,15,1,1,2,19.6,13,0,1,0,0,0,0,2.1,3
2077,16,0,2,2,0.2,23,1,2,0,1,0,0,0.88,4
2078,15,0,0,2,12.5,23,1,2,0,1,0,0,1.45,4
2079,16,1,0,0,8.3,6,1,2,0,0,1,0,3.08,1
2080,15,0,2,2,17.2,25,0,3,1,0,0,0,1.12,4
2081,17,1,1,2,5.0,12,0,3,0,0,0,0,2.06,3
2082,15,1,1,2,19.6,21,0,3,0,1,0,0,1.56,4
2083,15,0,2,2,12.3,7,0,3,0,0,1,0,2.49,3
2084,18,0,2,1,15.9,22,0,3,0,0,1,0,1.1,4
2085,16,0,3,3,1.7,4,0,3,0,0,0,0,2.69,2
2086,15,0,1,2,3.7,11,1,2,0,0,0,0,1.68,4
2087,15,1,0,1,15.2,12,0,2,1,0,1,0,2.42,3
2088,18,1,0,1,0.4,28,0,3,1,1,0,0,0.41,4
2089,18,1,0,2,16.3,19,0,0,0,0,0,0,0.65,4
2090,16,0,1,3,0.3,13,0,3,0,0,0,0,1.79,4
2091,18,0,0,2,13.1,27,1,4,0,1,0,0,0.96,4
2092,17,0,3,1,7.3,17,0,3,0,0,0,0,1.93,4
2093,18,1,1,3,12.2,26,0,0,1,1,0,0,0.99,4
2094,17,0,1,2,13.9,23,1,2,1,0,0,0,1.35,4
2095,16,1,0,2,6.8,24,0,3,1,0,1,0,0.7,4
2096,16,0,0,2,2.2,19,0,4,0,1,0,0,1.52,4
2097,16,1,0,1,1.4,3,1,2,1,0,0,0,3.36,1
2098,16,1,0,2,11.8,20,1,3,0,0,0,0,1.77,4
2099,16,0,0,1,10.4,17,0,3,0,0,0,0,1.79,4
2100,17,0,1,4,14.8,6,0,1,0,1,1,1,3.15,1
2101,17,1,2,2,10.2,14,0,3,1,1,0,1,2.01,3
2102,16,1,2,2,8.4,20,1,2,1,0,0,0,1.72,4
2103,18,0,1,2,8.0,5,0,2,0,1,0,1,3.13,1
2104,15,0,0,3,0.5,15,1,2,0,0,0,0,1.44,4
2105,16,1,2,3,6.7,19,1,3,1,0,0,1,1.62,4
2106,18,0,2,2,19.5,23,1,3,1,1,0,0,2.2,3
2107,15,1,0,2,17.5,7,0,2,0,1,0,0,3.1,1
2108,16,1,2,2,6.6,27,0,3,1,0,0,0,0.47,4
2109,16,0,0,2,11.8,20,0,3,0,0,0,0,1.04,4
2110,17,0,2,1,16.9,15,1,3,1,0,0,0,2.39,3
2111,15,0,3,2,8.8,27,0,2,0,1,0,0,0.27,4
2112,15,0,0,1,0.4,21,0,0,0,1,0,1,0.44,4
2113,18,0,2,3,1.5,15,0,2,1,0,1,0,1.56,4
2114,17,1,1,1,10.2,2,0,3,1,1,0,0,3.68,0
2115,17,1,3,4,19.4,16,0,1,0,1,0,0,2.11,3
2116,17,0,0,2,13.9,8,0,4,0,1,1,0,3.29,1
2117,17,0,2,2,1.4,24,0,3,0,0,0,0,0.43,4
2118,15,0,0,2,3.8,2,0,3,0,0,0,0,2.85,2
2119,15,1,0,1,15.4,19,0,3,1,0,1,1,1.77,4
2120,16,0,0,1,16.8,28,1,2,0,0,0,0,0.8,4
2121,16,0,3,0,12.4,6,1,3,1,1,0,0,3.52,0
2122,17,1,2,2,12.9,17,0,2,0,1,0,0,1.59,4
2123,17,1,2,2,0.6,11,0,3,1,0,0,0,1.86,4
2124,17,0,3,2,16.6,18,1,3,0,1,0,0,2.41,3
2125,16,0,0,1,15.8,15,0,3,0,0,0,0,2.14,3
2126,18,0,0,1,5.2,21,0,3,0,0,0,0,1.07,4
2127,18,1,0,2,14.2,26,0,0,1,0,0,0,0.31,4
2128,16,0,0,3,4.3,23,0,0,0,0,0,0,0.5,4
2129,16,0,0,2,0.8,16,0,3,0,0,1,0,1.49,4
2130,16,0,0,2,4.0,19,1,1,1,0,0,0,0.88,4
2131,16,1,0,2,3.6,14,1,2,1,1,0,0,2.05,3
2132,16,1,0,0,6.8,0,0,2,1,0,0,0,3.29,1
2133,16,0,0,4,8.4,1,0,0,0,0,0,0,2.61,2
2134,17,0,0,2,10.2,7,0,0,0,0,0,0,2.21,3
2135,17,1,3,1,9.5,21,0,3,1,1,0,0,1.63,4
2136,17,1,2,2,5.4,24,0,3,0,0,0,0,0.49,4
2137,17,1,3,1,0.6,1,0,2,0,1,1,0,3.2,1
2138,16,1,0,4,12.1,18,1,4,0,0,0,0,2.07,3
2139,18,1,0,1,7.9,8,0,1,1,0,0,1,2.28,3
2140,15,1,2,2,6.0,8,1,1,0,1,0,0,2.48,3
2141,16,1,0,1,17.3,12,0,3,1,0,1,0,2.62,2
2142,15,1,0,2,14.9,5,0,3,0,0,1,0,3.35,1
2143,18,1,0,2,17.2,29,0,2,1,0,1,0,0.84,4
2144,17,0,0,2,9.9,14,0,4,1,0,1,0,2.37,3
2145,18,0,0,2,2.6,18,1,4,0,1,0,0,1.92,4
2146,16,0,0,3,13.9,20,0,0,0,0,0,0,1.01,4
2147,17,1,1,0,4.1,14,0,1,1,0,0,0,1.55,4
2148,16,0,0,1,8.8,17,0,3,0,0,0,0,1.25,4
2149,17,1,0,1,1.3,6,0,2,1,0,0,0,2.46,3
2150,15,1,2,4,16.5,25,0,0,1,0,1,1,0.96,4
2151,15,0,0,1,2.5,10,0,3,0,0,0,0,2.08,3
2152,15,1,0,2,18.1,7,1,2,0,0,1,0,2.94,2
2153,18,0,2,2,17.3,5,1,2,0,0,1,0,3.18,1
2154,16,0,0,1,9.3,7,0,1,1,0,0,0,2.63,2
2155,18,0,0,1,14.9,1,0,3,0,0,1,0,3.11,1
2156,15,1,0,1,12.4,18,0,2,1,0,0,0,1.42,4
2157,16,0,0,2,16.1,15,0,1,1,1,0,0,2.06,3
2158,15,1,1,1,8.6,6,1,2,0,0,0,1,2.92,2
2159,18,0,2,0,15.7,9,1,2,0,1,0,0,3.18,1
2160,18,0,0,3,9.2,11,0,4,0,0,1,0,2.61,2
2161,18,0,1,4,18.8,16,0,4,1,1,0,0,2.35,3
2162,15,1,1,1,9.7,6,1,1,0,0,0,0,2.24,3
2163,16,1,0,1,9.3,21,1,3,0,0,0,0,1.75,4
2164,16,1,1,0,15.7,7,0,3,1,1,0,0,2.95,2
2165,15,0,0,2,16.4,6,0,3,0,1,0,0,3.07,1
2166,16,0,0,3,11.1,3,0,2,0,0,0,0,2.81,2
2167,15,1,0,1,3.6,2,1,0,0,0,0,0,2.64,2
2168,16,1,0,1,9.4,18,0,3,1,0,0,1,1.4,4
2169,17,1,0,2,19.4,14,1,1,0,0,0,0,2.44,3
2170,17,1,2,2,15.1,3,0,1,0,0,0,0,2.63,2
2171,18,1,0,0,16.2,24,0,3,1,1,0,0,1.47,4
2172,17,1,0,2,0.7,8,0,4,0,0,1,0,2.38,3
2173,17,0,0,1,9.4,12,1,1,1,0,0,0,2.3,3
2174,17,1,2,1,12.9,17,0,3,0,0,0,0,1.6,4
2175,15,0,1,2,16.6,20,1,2,0,1,0,0,1.69,4
2176,17,0,1,3,1.0,15,0,3,0,1,0,0,1.9,4
2177,17,1,2,2,17.0,0,1,2,0,0,0,0,3.5,1
2178,18,1,2,3,11.0,3,1,1,0,0,1,0,3.36,1
2179,17,0,0,2,3.9,17,0,1,0,0,0,1,0.82,4
2180,17,1,1,2,6.3,7,1,2,0,0,1,1,2.64,2
2181,16,1,2,2,5.6,19,0,1,0,0,1,0,0.9,4
2182,18,0,3,3,10.6,15,0,0,0,1,1,0,1.67,4
2183,18,0,2,3,1.0,20,0,3,0,1,0,0,0.91,4
2184,18,0,0,0,3.2,10,1,2,0,0,1,0,2.42,3
2185,18,1,0,3,16.3,19,1,3,1,0,0,0,2.13,3
2186,18,0,0,3,2.7,20,0,1,0,0,0,1,1.03,4
2187,18,1,2,2,4.7,20,1,3,0,0,0,1,1.51,4
2188,15,0,0,1,9.1,20,0,2,1,1,1,0,1.79,4
2189,17,0,0,3,10.3,26,1,0,0,0,0,0,0.6,4
2190,18,0,2,3,15.3,18,0,2,0,0,0,0,1.41,4
2191,17,1,0,1,8.9,22,0,0,0,1,1,0,1.24,4
2192,17,1,2,4,15.8,18,0,3,1,0,0,0,1.93,4
2193,15,0,0,0,12.4,17,0,3,0,1,0,0,2.32,3
2194,18,0,0,1,2.3,18,0,2,1,1,0,0,1.82,4
2195,16,0,0,2,3.1,10,0,1,1,1,1,1,2.36,3
2196,15,1,2,2,8.7,2,0,1,0,0,0,0,2.79,2
2197,16,0,0,2,7.9,7,1,2,1,0,0,0,2.95,2
2198,17,1,0,0,14.9,19,0,3,0,0,0,1,1.81,4
2199,17,0,3,4,11.6,18,1,1,0,0,0,0,1.14,4
2200,15,0,0,0,7.8,9,0,0,0,1,0,0,2.3,3
2201,15,0,1,1,3.4,15,0,2,1,0,0,0,1.68,4
2202,16,0,1,0,4.5,4,0,2,0,0,0,0,2.75,2
2203,18,0,0,2,11.5,19,1,1,0,0,0,0,1.2,4
2204,16,0,1,3,8.5,8,1,2,1,1,1,1,2.9,2
2205,15,1,0,2,10.3,7,0,2,1,0,0,0,2.68,2
2206,16,0,1,3,3.4,10,0,2,1,0,0,0,2.3,3
2207,15,1,0,0,13.3,15,0,2,0,0,0,0,1.45,4
2208,16,0,1,2,17.1,6,0,3,0,1,0,0,2.98,2
2209,15,0,0,2,5.2,14,1,0,0,0,1,1,1.42,4
2210,15,1,1,2,9.8,23,0,1,1,0,0,0,0.93,4
2211,15,0,0,0,19.5,28,0,2,0,0,0,1,0.98,4
2212,18,1,0,2,6.7,20,1,2,1,0,0,1,1.38,4
2213,16,1,0,2,11.9,19,1,2,0,1,0,0,1.86,4
2214,16,0,0,2,1.8,22,0,3,1,1,0,0,1.23,4
2215,16,1,2,2,12.1,16,0,3,1,0,1,0,2.14,3
2216,15,1,0,1,1.8,5,0,1,1,0,1,0,2.43,3
2217,16,0,3,2,19.2,14,0,3,0,0,0,0,2.26,3
2218,16,1,3,1,14.3,7,0,2,0,1,0,0,2.69,2
2219,15,0,1,3,15.8,6,1,1,0,0,0,0,3.13,1
2220,17,0,0,2,14.1,1,1,4,0,1,0,0,3.77,0
2221,15,0,0,1,11.8,29,0,3,0,1,0,0,0.8,4
2222,16,0,2,4,9.0,12,0,4,1,1,0,0,2.96,2
2223,15,1,0,2,17.2,29,0,1,0,1,0,0,0.7,4
2224,17,0,0,0,19.1,22,0,1,1,0,1,0,1.19,4
2225,15,0,1,2,10.0,28,0,2,0,1,0,0,0.3,4
2226,16,1,2,1,18.6,5,0,3,0,1,0,0,3.3,1
2227,17,0,2,3,11.7,28,0,1,0,0,0,0,0.21,4
2228,18,0,0,3,10.8,4,0,3,1,1,1,0,3.53,0
2229,16,1,1,4,9.1,19,0,2,0,1,0,0,1.61,4
2230,17,1,0,2,4.2,0,0,2,1,1,0,0,3.34,1
2231,17,1,0,2,0.1,28,0,3,0,0,0,0,0.03,4
2232,18,1,2,2,4.8,17,0,3,1,0,0,0,1.64,4
2233,15,1,0,1,10.2,14,0,0,0,0,0,0,1.71,4
2234,15,1,0,2,7.6,22,0,4,0,1,1,0,1.49,4
2235,16,1,0,2,9.0,9,0,2,1,1,0,0,3.0,2
2236,18,0,2,0,19.6,2,1,0,1,0,0,0,3.52,0
2237,15,1,2,2,7.0,4,0,3,0,0,0,0,2.92,2
2238,18,1,1,3,9.0,23,0,4,1,1,0,0,1.36,4
2239,15,1,2,3,2.7,28,0,3,0,0,0,0,0.21,4
2240,17,0,0,0,1.0,12,0,3,1,0,1,0,2.23,3
2241,15,0,0,0,15.5,7,1,3,0,1,0,0,3.16,1
2242,18,1,0,1,11.4,21,1,4,0,0,1,0,1.99,4
2243,17,1,0,3,15.2,20,0,0,0,0,0,1,1.0,4
2244,17,1,0,1,3.0,28,0,3,1,1,0,0,0.52,4
2245,17,0,3,2,11.4,1,0,3,1,0,0,0,3.46,1
2246,18,0,0,1,5.1,8,0,0,0,1,0,0,1.99,4
2247,16,1,0,2,4.6,16,0,2,1,0,0,1,1.68,4
2248,16,0,0,1,0.2,26,0,2,0,0,0,0,0.11,4
2249,16,1,0,2,2.6,17,0,3,1,0,0,1,1.91,4
2250,18,0,3,1,6.2,12,0,0,0,0,0,0,1.2,4
2251,17,0,0,2,2.3,0,1,3,0,0,0,0,3.22,1
2252,16,1,0,1,19.7,11,0,1,0,0,0,0,2.19,3
2253,18,1,2,2,6.2,19,0,2,0,0,1,0,1.15,4
2254,16,1,0,3,2.6,19,0,3,0,0,0,1,0.69,4
2255,15,1,0,1,4.0,20,0,2,1,0,0,0,1.52,4
2256,16,0,0,3,11.8,4,1,2,0,0,0,0,3.17,1
2257,16,0,1,2,1.3,7,0,0,1,0,0,0,1.81,4
2258,17,0,3,1,17.2,26,1,3,1,0,0,0,1.12,4
2259,18,1,2,2,19.2,14,0,4,0,0,0,0,2.0,3
2260,17,0,0,1,4.9,26,1,4,0,0,0,0,0.89,4
2261,17,1,2,2,9.0,2,1,3,1,1,0,0,3.98,0
2262,17,0,0,2,0.4,5,0,1,1,0,0,0,2.33,3
2263,17,1,0,1,12.8,27,0,1,1,0,1,0,0.61,4
2264,17,1,0,2,8.3,12,1,1,1,1,1,0,2.71,2
2265,16,0,0,3,5.4,11,0,2,0,0,1,0,2.1,3
2266,17,1,1,3,4.1,18,0,1,1,0,0,0,1.18,4
2267,17,1,1,2,13.1,28,0,1,0,0,1,0,0.56,4
2268,18,0,3,4,8.3,17,0,3,0,0,0,0,1.17,4
2269,15,1,1,2,3.6,23,0,2,1,0,0,1,0.92,4
2270,16,1,1,1,13.8,0,0,3,1,0,0,0,3.84,0
2271,16,1,0,3,11.3,24,0,4,1,1,0,0,1.21,4
2272,16,0,0,2,17.2,26,0,3,0,0,1,0,0.96,4
2273,17,0,1,2,2.3,6,1,3,1,0,0,0,2.5,2
2274,17,1,0,2,15.7,11,0,3,1,0,0,0,2.46,3
2275,17,0,2,3,13.5,9,1,2,1,0,0,0,2.65,2
2276,18,1,0,3,2.3,28,1,0,0,0,0,0,0.38,4
2277,15,1,0,2,13.9,11,1,0,1,1,0,0,2.4,3
2278,17,1,0,1,8.8,10,1,1,0,1,1,0,2.6,2
2279,15,1,0,2,18.9,3,1,3,1,1,0,0,4.0,0
2280,18,1,0,2,2.8,18,1,4,1,0,0,0,1.42,4
2281,16,0,2,1,12.9,5,0,4,1,1,0,0,3.43,1
2282,17,1,0,2,7.6,24,0,0,0,0,0,1,0.13,4
2283,15,0,1,2,19.1,8,1,4,0,0,0,0,2.93,2
2284,15,0,0,1,6.6,19,0,2,0,0,0,0,0.95,4
2285,17,1,0,1,19.2,9,1,3,0,1,0,0,3.0,2
2286,16,1,0,1,18.0,4,1,1,1,0,0,0,3.06,1
2287,16,0,2,3,5.4,26,0,0,0,0,0,0,0.0,4
2288,16,0,0,1,16.1,12,1,2,0,1,0,1,2.75,2
2289,18,0,2,1,19.9,8,0,3,1,0,1,1,3.21,1
2290,15,1,0,2,5.1,1,0,1,0,0,1,0,3.42,1
2291,15,0,2,1,8.7,17,0,1,1,0,0,1,1.47,4
2292,15,1,0,0,10.4,20,0,4,0,0,0,0,1.55,4
2293,18,1,1,1,5.9,0,0,4,0,0,0,0,3.55,0
2294,15,1,1,2,0.3,23,0,0,1,0,0,0,0.19,4
2295,18,0,3,2,4.4,20,0,3,0,0,0,0,1.35,4
2296,16,1,0,1,5.6,11,1,2,0,1,0,0,2.14,3
2297,17,1,0,2,8.9,9,0,2,0,1,0,1,2.47,3
2298,15,1,0,4,3.4,1,0,2,0,1,0,0,3.21,1
2299,15,1,2,1,17.5,27,0,2,1,0,0,0,0.45,4
2300,16,1,1,1,14.1,8,1,2,1,0,0,0,2.81,2
2301,17,0,2,1,1.7,1,1,2,0,0,0,0,3.0,2
2302,18,1,0,2,13.0,22,0,2,1,1,0,1,1.18,4
2303,17,1,0,2,13.1,23,0,3,1,1,1,0,1.67,4
2304,16,0,0,1,19.1,29,1,3,1,1,0,0,1.62,4
2305,16,1,3,2,0.1,21,0,2,0,0,0,1,0.52,4
2306,17,0,1,0,5.0,13,0,1,1,0,0,0,1.95,4
2307,18,1,3,2,18.6,10,0,3,0,1,0,0,2.82,2
2308,18,0,0,2,18.6,22,0,3,1,0,0,0,1.25,4
2309,15,0,1,1,14.4,10,1,3,1,0,0,0,2.76,2
2310,18,1,1,2,15.3,16,0,2,0,1,0,0,1.92,4
2311,17,1,0,1,1.8,3,0,1,0,0,0,0,2.73,2
2312,16,1,2,2,10.3,12,0,3,0,0,0,0,2.23,3
2313,15,0,3,0,4.6,6,1,2,0,0,1,0,2.61,2
2314,15,0,2,3,3.6,15,1,4,0,0,1,0,2.2,3
2315,16,0,2,1,16.2,0,1,3,1,0,0,0,3.34,1
2316,18,1,0,3,2.7,12,0,1,0,0,0,0,1.72,4
2317,16,0,0,1,9.4,0,0,2,0,1,1,1,3.29,1
2318,18,0,3,2,18.8,10,1,3,0,0,0,0,2.56,2
2319,16,1,0,1,3.7,5,0,2,0,0,0,0,2.36,3
2320,17,0,2,3,19.6,19,1,2,0,0,0,0,1.5,4
2321,18,0,2,1,19.9,2,0,3,1,0,0,0,3.52,0
2322,17,1,1,1,11.1,11,0,3,0,0,0,0,2.4,3
2323,15,0,3,2,3.4,4,0,1,1,1,1,1,2.52,2
2324,16,1,0,0,6.3,8,1,2,0,0,0,0,2.44,3
2325,15,1,0,1,8.5,25,1,4,1,0,0,0,1.28,4
2326,15,1,0,3,6.2,25,0,4,0,1,0,0,1.1,4
2327,15,1,0,4,5.6,11,0,3,1,0,0,0,2.19,3
2328,15,1,0,1,19.4,29,1,4,1,0,1,0,1.58,4
2329,16,0,0,3,3.1,29,0,2,1,0,0,0,0.48,4
2330,15,0,2,2,14.7,27,1,2,1,0,0,0,1.21,4
2331,16,1,3,1,0.0,26,0,2,1,0,0,0,0.26,4
2332,16,1,0,2,11.9,9,0,1,1,0,0,0,2.71,2
2333,17,0,0,2,18.3,18,0,2,1,0,0,0,1.53,4
2334,18,1,3,4,5.8,4,0,2,1,1,0,1,3.13,1
2335,18,1,0,1,3.7,25,0,3,1,0,0,0,1.0,4
2336,16,1,0,2,13.0,4,0,3,0,0,0,1,3.37,1
2337,17,0,0,0,14.3,8,0,3,0,0,0,0,2.79,2
2338,16,0,1,1,13.8,26,0,2,1,0,0,0,0.67,4
2339,16,1,0,0,6.4,27,0,1,0,0,0,0,0.34,4
2340,16,1,3,4,5.0,25,1,2,1,0,0,0,0.89,4
2341,17,0,0,3,19.1,26,0,3,0,1,1,0,1.51,4
2342,18,0,1,2,18.5,19,0,1,0,1,1,0,1.71,4
2343,17,1,0,2,9.1,16,0,2,1,0,0,1,1.97,4
2344,15,1,0,1,16.9,9,0,2,0,1,0,0,2.63,2
2345,17,0,1,1,9.0,20,1,3,0,0,0,0,1.67,4
2346,17,0,2,1,8.5,0,0,3,0,0,0,0,3.09,1
2347,17,0,2,1,3.1,21,1,3,0,1,0,1,1.64,4
2348,17,1,1,2,8.5,27,0,2,1,1,0,0,0.34,4
2349,18,0,3,2,10.7,15,0,2,0,0,1,1,1.93,4
2350,15,1,2,0,0.5,25,0,1,1,0,0,0,0.45,4
2351,18,0,2,0,8.9,25,1,1,0,0,0,0,0.71,4
2352,18,0,0,1,15.6,14,1,1,1,0,0,1,1.75,4
2353,17,0,0,2,13.6,22,0,1,0,1,0,0,0.97,4
2354,16,0,0,3,12.7,16,1,1,0,0,0,1,1.93,4
2355,16,1,1,2,18.2,25,0,1,0,0,1,0,0.69,4
2356,18,1,0,3,0.4,19,1,1,0,0,0,0,0.73,4
2357,18,0,0,2,11.1,24,0,3,0,0,0,1,0.68,4
2358,17,1,2,1,15.7,12,0,4,1,1,0,0,3.02,1
2359,18,0,2,1,10.8,0,0,3,0,1,1,0,3.73,0
2360,17,0,3,3,6.5,24,1,0,0,0,0,0,0.84,4
2361,16,0,0,2,2.7,7,1,2,0,0,0,0,2.58,2
2362,16,0,1,1,17.8,4,1,3,1,0,0,0,3.37,1
2363,15,1,0,2,9.4,5,1,1,0,0,0,0,3.06,1
2364,16,0,0,2,17.6,22,0,3,0,0,0,0,1.17,4
2365,18,0,0,2,11.7,19,1,2,0,0,0,0,1.35,4
2366,16,1,0,3,13.5,29,1,4,1,0,0,0,1.12,4
2367,17,0,0,2,16.1,13,0,3,1,0,1,0,2.58,2
2368,16,0,2,2,13.2,21,0,3,0,1,0,0,1.63,4
2369,15,0,0,0,8.0,22,0,3,0,0,0,1,0.93,4
2370,16,1,2,0,10.3,10,1,1,0,1,0,1,2.7,2
2371,17,0,1,1,16.1,5,1,1,1,0,0,0,2.96,2
2372,17,1,0,0,7.5,10,1,2,0,1,0,0,2.27,3
2373,18,0,0,2,7.8,12,1,1,1,0,0,0,1.75,4
2374,16,0,0,2,1.9,11,1,1,0,1,0,0,2.02,3
2375,17,1,1,1,18.3,21,1,2,0,0,0,0,1.68,4
2376,15,0,0,3,1.8,1,1,3,0,1,1,0,3.66,0
2377,18,0,0,1,13.0,20,0,0,1,1,0,0,1.36,4
2378,15,1,0,1,8.3,2,0,1,1,0,0,0,2.81,2
2379,16,1,1,1,8.1,22,0,2,1,0,0,0,1.3,4
2380,16,1,3,1,13.6,3,1,2,0,1,0,1,3.38,1
2381,16,1,0,1,1.3,16,0,1,0,1,0,0,1.38,4
2382,18,1,2,2,11.9,27,0,4,0,1,0,0,0.73,4
2383,17,0,1,2,15.4,27,0,2,0,1,0,0,0.4,4
2384,18,1,3,4,16.6,21,0,2,0,1,1,0,1.73,4
2385,15,0,2,0,3.4,5,0,0,0,0,0,0,2.62,2
2386,18,0,1,1,17.9,6,0,2,0,0,1,1,2.99,2
2387,15,0,1,0,13.1,14,0,3,0,0,0,0,2.13,3
2388,18,1,2,2,17.6,10,0,1,1,0,1,0,2.71,2
2389,17,1,0,0,9.7,23,0,2,0,0,0,0,0.82,4
2390,15,0,0,3,10.8,2,0,0,1,0,0,0,2.52,2
2391,16,1,0,2,18.4,29,0,4,0,0,0,0,0.91,4
2392,16,1,2,2,18.0,5,0,0,1,0,0,0,3.06,1
2393,18,1,2,2,9.0,25,0,3,0,0,0,1,0.84,4
2394,16,1,0,1,5.5,1,0,2,0,0,0,0,2.83,2
2395,15,0,1,1,7.9,28,1,2,1,0,0,0,0.79,4
2396,16,0,0,1,7.8,13,0,3,0,0,0,1,1.89,4
2397,17,1,0,2,5.7,8,0,1,1,1,0,0,2.7,2
2398,17,0,3,1,5.4,17,0,2,1,0,0,0,1.52,4
2399,18,1,0,1,17.2,18,0,2,0,1,0,0,1.88,4
2400,15,1,0,4,1.4,11,0,0,1,0,1,0,2.04,3
2401,17,0,1,0,13.6,12,0,3,1,0,0,0,2.52,2
2402,17,0,2,3,3.5,25,0,0,0,0,0,0,0.14,4
2403,15,0,0,2,6.9,11,0,3,1,0,0,0,1.97,4
2404,16,1,1,1,1.2,11,0,2,1,0,1,0,2.19,3
2405,16,0,1,1,5.4,17,1,1,0,0,1,0,1.72,4
2406,18,1,0,1,15.4,8,0,3,0,1,0,0,2.51,2
2407,16,0,0,2,17.7,16,1,2,0,1,1,0,2.43,3
2408,15,0,1,2,4.4,20,0,2,1,1,0,0,1.36,4
2409,17,1,0,2,9.3,15,0,2,1,1,0,1,1.55,4
2410,16,1,3,3,9.4,16,0,1,1,0,0,1,1.62,4
2411,18,1,2,2,17.5,20,1,3,0,0,0,0,2.02,3
2412,16,1,3,1,15.3,23,0,2,0,0,0,1,0.98,4
2413,15,1,0,1,10.3,7,0,1,1,0,0,1,2.06,3
2414,18,1,3,3,13.4,10,0,3,0,1,0,0,2.64,2
2415,16,1,0,1,16.9,23,0,0,1,1,0,0,1.35,4
2416,18,1,0,0,0.2,1,1,1,1,1,0,0,3.06,1
2417,15,0,0,2,8.1,7,0,2,0,1,0,0,2.51,2
2418,17,1,0,2,18.1,11,0,3,0,0,0,0,2.34,3
2419,15,1,1,3,14.8,20,0,4,0,0,0,0,1.58,4
2420,15,0,0,2,10.9,0,0,3,1,0,1,0,3.57,0
2421,15,1,0,0,10.6,22,0,2,1,1,0,0,1.6,4
2422,15,0,1,3,7.0,12,0,3,1,1,0,0,2.64,2
2423,17,0,0,1,10.4,21,0,2,0,0,0,1,0.91,4
2424,17,1,1,1,13.1,20,1,1,0,0,0,0,1.58,4
2425,18,0,0,2,8.4,16,0,4,1,0,1,0,1.79,4
2426,16,1,2,0,14.3,13,1,1,0,0,0,0,1.88,4
2427,17,0,2,2,17.2,13,0,2,1,1,0,0,2.56,2
2428,17,0,0,1,3.1,15,0,3,0,0,0,0,1.57,4
2429,16,0,0,2,9.0,16,0,3,0,0,1,0,1.81,4
2430,17,1,0,1,8.2,5,1,0,0,0,0,0,2.58,2
2431,15,1,2,2,13.7,25,0,0,0,1,0,1,0.53,4
2432,15,0,0,3,5.0,27,0,2,1,0,0,0,0.71,4
2433,16,0,0,1,12.8,6,0,2,0,0,0,1,2.74,2
2434,18,1,0,1,17.5,25,1,2,1,0,0,0,1.27,4
2435,18,1,0,1,8.4,25,0,2,0,0,0,0,0.75,4
2436,16,0,0,1,18.2,0,0,4,0,0,0,0,3.75,0
2437,16,0,2,2,19.9,24,0,1,0,1,1,0,1.16,4
2438,15,1,0,2,2.1,14,1,2,0,1,0,0,1.87,4
2439,18,1,0,1,4.7,19,1,2,0,0,0,0,1.07,4
2440,17,1,2,1,19.0,20,0,1,1,0,0,0,1.31,4
2441,15,1,2,1,19.2,17,0,1,0,1,0,0,1.7,4
2442,16,1,0,2,2.0,29,1,4,0,0,0,0,0.54,4
2443,18,0,0,1,0.3,27,1,3,0,0,0,0,0.34,4
2444,17,1,0,4,3.2,25,0,1,0,0,0,1,0.27,4
2445,17,0,3,2,19.9,12,1,3,0,0,0,0,2.5,2
2446,15,1,0,1,3.6,23,0,1,1,0,0,0,0.53,4
2447,18,0,3,2,10.1,29,0,3,0,1,1,0,0.82,4
2448,18,1,1,3,17.0,1,1,0,0,1,0,0,3.41,1
2449,16,1,1,2,0.4,18,0,3,1,0,0,0,1.35,4
2450,18,0,0,1,12.1,14,1,0,0,1,0,1,2.03,3
2451,18,0,0,1,5.5,11,0,2,0,0,1,0,1.77,4
2452,15,1,0,3,17.2,14,0,3,0,0,1,0,1.99,4
2453,18,1,0,2,5.7,24,1,1,0,0,1,0,0.75,4
2454,17,1,1,2,13.7,17,0,2,0,0,0,0,1.49,4
2455,15,1,3,3,13.5,13,0,0,1,1,0,0,2.16,3
2456,15,1,1,3,4.4,5,1,3,1,1,0,1,3.11,1
2457,16,0,2,3,0.7,11,0,2,1,1,0,0,2.0,4
2458,18,0,0,0,8.2,19,0,2,0,0,0,1,1.36,4
2459,16,1,0,2,5.8,22,1,4,1,0,0,0,1.31,4
2460,17,0,0,2,16.2,29,0,2,0,0,0,0,0.59,4
2461,15,0,1,2,16.0,29,1,0,0,1,1,0,0.68,4
2462,15,0,3,2,9.1,5,1,3,0,0,0,0,2.82,2
2463,15,1,1,1,12.1,25,0,3,0,0,1,0,0.74,4
2464,17,0,0,2,12.1,29,0,4,1,0,0,1,0.73,4
2465,17,1,0,2,16.5,8,1,1,1,0,0,0,2.93,2
2466,16,0,1,0,8.5,29,0,2,1,1,0,0,0.55,4
2467,16,1,0,2,5.5,24,0,3,1,1,0,0,1.3,4
2468,16,0,2,1,5.3,25,0,3,1,1,0,1,1.19,4
2469,18,1,2,1,10.7,3,0,3,0,1,0,1,3.33,1
2470,15,1,1,0,9.0,16,0,1,0,0,0,0,1.49,4
2471,15,0,0,2,8.8,1,1,1,1,0,1,0,3.31,1
2472,16,1,0,2,1.8,15,1,1,0,0,0,0,1.61,4
2473,15,1,0,2,14.4,23,0,4,1,1,0,0,2.06,3
2474,16,1,0,2,4.3,13,0,1,0,0,0,0,1.67,4
2475,18,1,0,3,3.9,25,0,2,0,0,1,0,0.49,4
2476,18,1,1,1,8.3,7,0,2,0,0,0,1,2.23,3
2477,17,1,1,1,4.6,13,1,2,1,0,1,0,2.26,3
2478,18,1,0,3,11.7,1,1,2,0,0,0,0,3.45,1
2479,16,1,0,1,7.4,15,1,3,1,0,0,0,2.16,3
2480,18,0,0,4,9.0,3,0,2,0,1,0,0,2.75,2
2481,17,0,0,3,10.7,0,0,1,1,0,0,1,3.32,1
2482,15,1,2,2,4.1,22,0,2,0,0,0,0,0.91,4
2483,16,1,0,4,3.1,19,0,3,0,1,0,0,1.17,4
2484,15,0,0,0,17.6,26,0,4,0,0,0,0,1.22,4
2485,17,0,0,1,8.7,13,1,3,0,0,1,0,2.33,3
2486,17,0,2,2,8.2,7,1,3,0,0,0,0,2.84,2
2487,17,1,1,1,0.7,24,1,2,1,0,0,0,0.97,4
2488,15,0,0,3,10.0,27,1,3,0,0,0,1,0.86,4
2489,15,1,1,0,11.1,24,0,4,0,0,0,0,0.95,4
2490,15,1,2,2,11.2,2,0,2,0,1,0,0,3.24,1
2491,15,0,3,2,14.1,4,0,0,0,0,0,0,2.53,2
2492,17,1,0,2,3.5,5,0,4,0,0,0,0,2.77,2
2493,17,1,2,1,5.0,21,0,3,0,0,0,0,0.95,4
2494,16,1,3,1,16.2,25,1,2,0,1,0,0,1.32,4
2495,16,1,3,3,18.9,7,0,4,0,1,1,0,3.32,1
2496,15,0,1,1,2.7,5,0,2,0,0,1,0,2.33,3
2497,18,0,1,3,10.0,5,0,2,1,0,0,0,2.91,2
2498,18,1,0,2,4.3,3,0,3,0,1,1,0,3.34,1
2499,17,1,2,2,1.2,6,0,1,0,0,0,0,2.17,3
2500,17,0,1,2,6.5,29,0,3,0,0,0,1,0.21,4
2501,17,1,1,1,2.9,29,0,1,0,0,0,0,0.0,4
2502,16,0,0,2,14.2,23,1,1,0,0,0,0,0.89,4
2503,16,1,2,3,10.7,18,0,2,1,0,1,0,1.83,4
2504,17,1,2,2,2.9,6,0,2,0,0,0,0,2.47,3
2505,17,0,0,4,0.2,2,0,1,1,0,0,0,2.65,2
2506,17,0,2,2,16.2,7,1,4,0,0,0,0,3.16,1
2507,18,0,1,1,3.5,0,0,2,1,0,0,0,2.91,2
2508,16,0,2,1,12.1,0,1,1,1,0,1,0,3.73,0
2509,18,1,0,4,6.7,13,1,2,0,1,0,0,2.11,3
2510,18,0,0,1,11.7,5,1,3,0,0,0,0,2.55,2
2511,17,1,3,3,6.3,9,0,2,0,0,0,1,2.12,3
2512,17,0,0,3,1.7,24,0,1,1,0,0,0,0.48,4
2513,15,0,2,1,4.5,27,0,1,0,0,0,0,0.0,4
2514,15,1,0,0,3.8,13,0,2,0,0,0,0,1.81,4
2515,18,0,1,2,8.6,3,0,2,0,0,0,1,2.67,2
2516,16,0,0,1,13.2,5,1,3,0,0,1,0,3.1,1
2517,17,0,1,2,5.3,15,1,4,1,0,0,0,2.43,3
2518,17,0,0,2,0.2,27,0,1,1,1,1,0,0.59,4
2519,18,1,0,2,10.4,20,0,3,0,1,1,1,1.42,4
2520,15,1,0,2,12.1,27,1,4,0,1,1,0,1.36,4
2521,16,0,0,1,19.3,0,0,4,0,0,0,0,3.52,0
2522,15,0,3,2,11.8,5,0,4,1,0,1,0,3.06,1
2523,15,0,3,1,9.4,8,0,3,1,1,0,0,2.57,2
2524,15,1,0,1,11.5,14,1,2,0,0,0,1,2.13,3
2525,15,1,2,2,18.6,11,0,2,0,1,0,1,2.3,3
2526,17,1,0,3,16.6,2,1,2,1,0,0,0,3.35,1
2527,17,1,1,1,6.5,10,0,3,0,0,1,0,2.25,3
2528,15,0,2,2,4.7,14,0,2,0,0,0,0,2.06,3
2529,16,0,3,2,5.3,2,0,1,0,0,0,0,2.71,2
2530,18,0,0,1,10.1,13,0,1,0,0,0,0,1.82,4
2531,16,1,2,1,14.9,1,0,3,0,0,1,0,3.26,1
2532,16,0,0,3,10.1,28,0,3,1,0,0,0,0.74,4
2533,16,1,3,2,1.4,3,1,2,0,0,1,1,2.94,2
2534,15,1,0,2,14.5,25,0,1,0,0,0,0,0.45,4
2535,17,0,1,2,16.1,18,1,3,0,0,0,0,1.84,4
2536,16,0,1,0,5.8,11,1,0,1,0,0,0,1.9,4
2537,15,0,1,2,13.3,1,1,2,0,0,0,0,3.38,1
2538,16,1,0,2,8.5,16,1,2,0,0,0,1,1.67,4
2539,16,1,3,2,17.8,2,0,4,0,0,0,0,3.31,1
2540,15,0,0,1,16.9,9,0,2,1,1,0,0,2.76,2
2541,17,0,1,0,10.5,15,1,2,0,0,0,1,2.04,3
2542,17,1,0,1,13.8,21,1,3,0,1,0,0,1.49,4
2543,18,0,0,4,17.7,8,1,2,0,1,0,1,2.87,2
2544,15,1,1,2,9.9,10,0,1,0,0,0,0,2.02,3
2545,18,1,0,2,6.3,20,0,2,1,0,0,0,1.07,4
2546,18,0,0,0,15.1,14,0,4,1,0,0,0,2.61,2
2547,18,0,0,0,4.4,2,1,2,0,0,1,1,3.36,1
2548,17,0,0,2,7.8,15,0,3,0,1,0,0,2.13,3
2549,15,0,2,2,17.3,29,0,4,0,1,0,0,1.05,4
2550,18,1,2,2,14.5,20,0,3,0,0,0,1,1.58,4
2551,15,1,0,1,8.1,20,0,3,1,0,0,0,1.4,4
2552,15,1,0,2,4.3,20,0,3,0,1,0,0,1.17,4
2553,17,0,0,1,7.1,27,1,4,0,1,0,0,0.96,4
2554,18,1,0,1,5.7,11,1,4,1,0,0,0,2.31,3
2555,18,0,1,2,3.5,22,0,4,0,0,0,0,0.94,4
2556,15,0,1,1,14.9,4,0,3,0,0,0,1,2.94,2
2557,16,0,0,1,5.0,6,1,2,1,0,0,1,2.77,2
2558,17,0,0,2,9.1,8,0,1,1,1,0,0,3.03,1
2559,17,0,0,2,7.7,20,1,2,1,1,0,0,1.54,4
2560,17,0,2,3,19.6,17,0,4,1,1,1,0,2.5,3
2561,17,1,3,2,7.8,20,0,3,0,0,0,0,1.62,4
2562,18,0,0,0,1.6,7,0,2,0,1,0,0,2.21,3
2563,18,1,0,1,1.8,11,1,2,0,0,0,1,1.8,4
2564,16,1,2,4,11.8,19,0,2,1,0,1,0,1.57,4
2565,17,0,3,2,12.0,1,0,2,0,0,0,0,2.92,2
2566,17,0,0,2,8.4,9,0,3,0,0,0,0,2.52,2
2567,15,0,0,0,8.6,18,0,2,1,0,0,0,1.49,4
2568,18,1,0,2,1.1,8,0,1,0,0,0,0,1.66,4
2569,17,0,1,0,10.3,24,0,2,0,0,0,0,0.77,4
2570,16,1,0,2,10.1,23,0,1,0,1,0,0,0.89,4
2571,16,0,0,3,3.0,7,0,4,0,0,0,0,2.22,3
2572,18,0,1,4,2.1,23,0,2,0,0,0,0,0.65,4
2573,16,1,0,2,2.5,23,0,4,0,0,0,0,0.97,4
2574,16,1,2,2,2.0,23,0,1,0,1,0,0,0.34,4
2575,18,0,0,3,12.2,0,0,1,0,0,0,0,2.77,2
2576,17,1,0,2,3.9,5,0,3,0,0,0,0,2.5,3
2577,17,1,1,0,5.0,11,0,3,0,1,0,1,2.08,3
2578,16,1,0,2,3.5,24,0,2,0,0,1,0,0.77,4
2579,16,1,3,1,19.2,23,0,1,0,0,1,0,0.99,4
2580,17,1,1,2,17.1,18,0,0,0,1,0,0,1.38,4
2581,18,0,0,2,4.6,26,0,3,1,0,0,0,0.48,4
2582,16,0,2,2,6.6,16,0,1,1,1,0,0,1.84,4
2583,15,1,0,1,4.2,1,1,2,0,0,0,0,2.92,2
2584,18,0,3,1,9.8,10,1,3,0,0,0,1,2.29,3
2585,16,0,0,2,0.4,17,0,0,0,0,0,0,0.82,4
2586,16,1,1,3,13.4,22,0,1,1,1,0,0,1.47,4
2587,15,0,0,2,10.5,27,1,0,1,0,0,0,0.65,4
2588,15,1,0,1,18.0,21,1,4,0,0,1,0,1.83,4
2589,17,1,2,3,3.3,10,0,2,1,0,1,0,2.17,3
2590,18,0,2,3,16.1,17,0,4,1,0,0,0,1.81,4
2591,18,1,0,1,15.8,7,0,1,0,1,0,0,3.01,1
2592,17,1,0,0,2.5,14,0,3,0,1,0,0,2.14,3
2593,18,1,2,2,8.0,8,0,1,0,0,1,0,2.3,3
2594,18,1,3,3,3.4,14,0,2,0,0,0,0,1.5,4
2595,18,1,0,4,5.1,6,1,3,0,0,0,0,2.53,2
2596,18,0,0,3,5.3,19,0,3,1,0,0,0,1.38,4
2597,18,0,0,2,11.1,12,0,3,0,1,0,0,2.46,3
2598,15,1,2,2,8.2,12,0,3,0,0,0,1,2.14,3
2599,18,1,0,0,19.0,0,0,1,1,0,1,0,3.48,1
2600,15,0,0,1,2.5,19,0,2,0,0,0,0,1.14,4
2601,18,1,2,2,19.5,3,0,2,0,0,0,0,3.32,1
2602,17,0,0,2,4.6,23,0,3,0,0,1,0,0.95,4
2603,16,1,0,2,15.5,3,0,1,0,1,1,0,3.36,1
2604,15,1,0,2,6.8,3,1,4,0,0,0,0,3.58,0
2605,18,1,0,1,2.9,12,0,2,1,0,0,1,2.27,3
2606,17,1,0,2,17.2,1,0,3,0,0,1,1,3.39,1
2607,16,1,1,0,6.2,27,0,1,0,1,0,0,0.42,4
2608,15,1,0,2,13.2,25,0,2,0,0,0,0,0.84,4
2609,16,1,1,2,11.3,22,0,3,1,0,0,0,1.29,4
2610,17,0,2,2,9.4,14,0,2,1,0,0,0,2.13,3
2611,15,0,2,4,9.9,3,0,4,1,0,0,0,3.31,1
2612,16,0,0,1,14.6,26,0,3,0,1,0,0,0.96,4
2613,18,1,0,2,1.8,5,1,2,1,0,0,0,2.54,2
2614,15,1,0,1,13.4,2,0,3,1,0,0,0,3.01,1
2615,16,1,0,2,17.9,6,0,3,1,0,1,0,3.17,1
2616,17,1,0,3,1.2,5,0,3,0,0,0,1,1.9,4
2617,17,1,1,2,2.8,2,1,1,0,0,0,0,3.03,1
2618,15,1,0,3,14.3,3,0,2,0,1,1,0,3.46,1
2619,16,1,0,1,8.7,9,0,3,0,0,0,0,2.45,3
2620,15,0,0,3,8.1,29,1,3,1,1,0,0,1.16,4
2621,15,1,1,0,2.7,20,0,2,0,0,0,0,0.83,4
2622,16,0,0,3,10.1,8,0,1,0,1,0,0,2.4,3
2623,16,0,1,1,2.5,29,0,2,0,0,0,0,0.0,4
2624,18,1,0,1,9.5,5,1,0,0,0,0,0,2.76,2
2625,16,1,2,2,15.3,28,1,3,0,0,0,0,0.35,4
2626,17,0,2,3,5.2,19,1,3,0,0,0,0,1.68,4
2627,15,0,0,0,9.6,26,1,2,1,0,0,0,0.57,4
2628,15,1,0,1,19.8,10,1,3,0,1,1,1,3.1,1
2629,17,1,0,3,13.7,6,0,2,1,1,0,0,2.8,2
2630,16,0,0,1,16.8,17,1,3,0,0,1,0,2.13,3
2631,17,1,1,1,8.3,3,0,1,1,0,0,0,2.69,2
2632,17,1,2,2,15.4,4,0,2,0,0,0,0,2.78,2
2633,18,1,1,1,0.8,3,0,3,0,1,1,0,3.13,1
2634,17,0,2,3,2.5,3,0,1,0,0,1,0,2.62,2
2635,15,0,0,2,4.1,26,1,2,0,0,0,0,0.77,4
2636,17,0,0,2,8.0,12,0,2,0,1,1,0,2.27,3
2637,15,1,2,4,16.9,15,0,1,1,0,0,0,1.54,4
2638,15,1,0,2,6.9,24,0,1,0,1,0,1,1.13,4
2639,15,0,1,0,13.1,13,1,1,0,0,0,0,1.6,4
2640,16,0,0,1,14.2,10,0,4,1,1,1,0,3.14,1
2641,18,0,0,2,11.7,28,0,3,0,0,1,1,0.8,4
2642,15,1,3,1,7.1,1,0,2,0,0,0,0,2.97,2
2643,15,0,0,3,11.5,21,0,3,1,1,0,1,1.56,4
2644,16,0,3,2,6.8,13,0,0,0,0,1,0,1.85,4
2645,15,1,3,1,1.7,23,0,2,1,0,0,0,0.97,4
2646,17,1,2,2,19.9,23,1,1,1,0,0,0,1.39,4
2647,17,1,1,2,2.5,26,0,1,1,0,0,0,0.24,4
2648,18,0,1,3,1.4,6,0,3,1,1,0,0,2.63,2
2649,15,1,2,3,17.6,25,0,1,0,0,0,1,0.53,4
2650,16,1,0,2,6.0,10,0,3,0,1,0,1,2.32,3
2651,17,0,0,2,13.0,3,0,2,1,0,0,0,2.76,2
2652,16,1,1,2,6.6,6,0,0,0,0,0,0,2.1,3
2653,16,0,0,2,7.8,28,0,3,0,1,0,0,0.75,4
2654,17,0,0,1,5.2,15,1,2,1,0,0,0,1.79,4
2655,16,1,0,1,6.9,25,0,2,0,1,0,0,0.7,4
2656,17,1,1,2,8.2,5,0,1,0,0,0,0,2.46,3
2657,16,1,2,1,14.4,26,0,0,0,0,0,0,0.43,4
2658,17,1,0,0,10.2,5,0,4,0,0,1,0,3.02,1
2659,15,1,3,2,18.9,1,0,2,0,0,0,0,3.62,0
2660,18,1,1,0,0.8,23,0,0,1,0,0,0,0.43,4
2661,17,0,2,2,10.1,7,1,3,1,0,0,0,2.74,2
2662,17,0,1,2,11.7,29,0,1,1,0,0,1,0.22,4
2663,18,1,2,4,18.4,26,0,1,0,0,1,0,1.01,4
2664,17,0,0,2,1.0,6,1,1,0,0,0,0,2.57,2
2665,17,1,2,0,11.5,26,0,2,0,0,0,1,0.2,4
2666,16,0,0,2,17.1,24,1,0,0,0,0,0,0.8,4
2667,18,0,2,3,4.8,23,0,2,0,0,0,1,0.54,4
2668,15,0,3,4,17.5,13,0,3,0,0,1,0,2.48,3
2669,17,1,0,2,0.4,8,0,1,0,0,0,1,1.63,4
2670,18,0,0,1,14.6,14,1,2,0,0,0,0,2.4,3
2671,16,1,2,3,18.7,24,1,2,1,0,1,0,1.27,4
2672,15,0,0,1,13.1,21,0,2,0,1,0,0,1.27,4
2673,18,0,2,2,8.8,17,0,4,1,0,0,0,1.62,4
2674,15,0,0,2,0.9,11,0,2,0,0,0,0,1.86,4
2675,15,0,0,0,18.4,22,0,0,0,1,0,0,0.64,4
2676,15,0,3,1,9.4,18,0,2,0,0,1,0,1.4,4
2677,17,1,1,1,0.6,12,0,1,0,0,0,0,1.43,4
2678,17,1,2,2,13.8,6,0,3,0,1,1,0,2.93,2
2679,16,0,0,3,9.6,24,0,0,0,0,0,0,0.63,4
2680,16,0,1,1,2.5,9,0,1,1,1,0,1,2.57,2
2681,18,0,1,3,4.3,29,1,2,0,1,0,0,0.4,4
2682,16,0,1,0,1.3,9,1,1,0,0,0,0,2.06,3
2683,15,1,1,2,11.5,1,0,2,0,1,0,0,3.12,1
2684,15,0,1,0,12.4,13,1,1,0,1,0,0,1.92,4
2685,17,1,0,3,10.1,12,0,4,1,0,1,0,2.33,3
2686,15,0,0,2,16.3,21,1,1,0,1,0,0,1.27,4
2687,18,1,2,2,17.2,28,0,4,0,0,0,0,1.07,4
2688,15,0,0,3,12.3,5,0,2,0,0,1,0,2.91,2
2689,15,0,1,2,0.3,8,1,3,1,0,1,1,2.57,2
2690,18,1,0,4,13.9,12,0,1,0,0,0,1,1.69,4
2691,16,0,1,2,8.4,8,1,3,1,0,1,0,2.8,2
2692,16,0,2,3,11.3,12,1,2,0,0,0,1,1.81,4
2693,18,0,0,2,13.0,4,1,2,1,0,0,0,3.34,1
2694,17,1,0,1,7.0,13,0,3,1,0,1,0,2.18,3
2695,15,0,0,2,18.3,4,0,2,1,0,0,0,3.49,1
2696,18,0,1,1,2.7,8,0,2,0,0,1,0,1.81,4
2697,15,1,2,2,13.4,7,1,0,0,0,1,1,2.77,2
2698,17,1,0,2,0.1,6,0,1,0,1,0,0,2.44,3
2699,15,1,2,2,18.5,7,0,2,0,0,0,0,2.87,2
2700,18,0,0,0,2.3,21,0,0,0,0,0,0,0.52,4
2701,15,0,0,1,1.9,2,0,1,1,0,0,0,2.89,2
2702,16,0,3,2,6.7,22,0,1,0,0,0,0,0.71,4
2703,17,1,0,4,7.5,23,0,1,0,0,0,0,0.42,4
2704,17,0,0,1,4.3,14,1,2,1,1,1,0,2.25,3
2705,17,0,0,2,11.7,7,0,2,0,1,1,0,2.72,2
2706,18,1,0,2,8.9,0,1,4,1,0,0,0,4.0,0
2707,17,1,0,2,0.7,6,0,2,1,0,0,0,2.68,2
2708,16,1,0,1,6.4,18,0,4,1,0,0,0,1.85,4
2709,18,1,1,2,16.2,1,0,3,1,0,0,0,3.55,0
2710,16,1,0,1,13.8,13,0,4,0,0,1,1,1.95,4
2711,15,0,1,4,14.5,17,0,3,0,0,0,0,1.85,4
2712,15,1,0,1,14.0,29,1,3,0,0,0,0,0.88,4
2713,15,0,0,1,6.2,14,0,2,0,0,1,0,1.79,4
2714,15,0,1,0,2.0,13,0,1,0,1,1,0,1.86,4
2715,16,1,3,1,5.4,23,0,1,1,0,0,0,0.55,4
2716,18,1,0,2,16.6,24,1,4,0,1,0,0,1.58,4
2717,18,1,2,1,19.6,18,0,4,0,0,1,1,1.87,4
2718,17,0,1,0,9.9,29,0,3,1,0,0,1,0.52,4
2719,16,1,1,2,0.2,18,0,3,0,0,0,0,1.33,4
2720,15,1,1,0,2.8,21,1,4,0,1,0,1,1.62,4
2721,16,1,0,0,6.4,26,0,2,0,1,0,1,0.38,4
2722,17,1,0,3,11.6,25,0,3,1,0,0,0,1.36,4
2723,17,1,1,2,1.5,16,0,2,1,0,0,0,1.48,4
2724,16,0,0,3,18.9,21,1,2,1,0,0,0,1.58,4
2725,16,0,3,3,7.3,27,0,0,0,0,0,0,0.0,4
2726,16,0,0,2,18.3,18,1,2,1,0,0,0,1.89,4
2727,18,1,0,0,15.6,26,0,3,0,0,0,0,0.86,4
2728,15,1,2,2,15.1,15,0,2,0,0,0,0,1.49,4
2729,16,1,0,3,12.1,19,0,3,0,0,0,1,1.47,4
2730,16,0,1,2,12.5,24,1,2,0,0,1,0,1.34,4
2731,16,1,1,2,12.8,18,0,1,0,0,0,0,1.36,4
2732,17,1,3,1,12.6,0,1,3,1,0,0,0,3.83,0
2733,17,1,2,3,11.1,18,0,3,0,0,0,0,1.6,4
2734,18,0,1,2,19.7,6,1,1,0,1,1,0,3.32,1
2735,15,1,1,4,14.6,28,0,2,0,0,0,0,0.65,4
2736,18,0,3,1,15.5,22,0,2,0,0,0,0,1.02,4
2737,15,1,0,1,17.4,10,0,4,0,0,0,1,2.44,3
2738,17,0,0,1,4.3,4,0,3,1,1,0,0,3.15,1
2739,17,0,0,2,1.7,29,0,1,1,0,0,0,0.22,4
2740,17,0,0,1,9.7,16,0,2,1,1,0,0,1.81,4
2741,18,1,1,0,10.3,10,0,3,1,0,0,0,2.78,2
2742,16,1,1,4,16.6,23,0,3,0,0,0,1,1.22,4
2743,16,0,1,0,8.9,25,0,3,1,0,0,0,1.1,4
2744,17,0,0,3,11.4,7,0,1,0,0,0,0,2.06,3
2745,16,1,2,1,10.5,9,0,3,0,0,0,0,2.52,2
2746,16,1,0,3,0.8,11,0,3,0,0,0,0,1.97,4
2747,18,0,1,2,12.3,9,0,3,0,0,0,0,2.84,2
2748,15,1,1,3,16.6,12,0,2,0,0,0,0,2.2,3
2749,17,1,0,3,3.2,25,1,3,0,0,0,0,0.93,4
2750,17,1,0,0,11.9,17,1,3,0,0,1,0,1.84,4
2751,18,1,0,0,11.9,9,0,3,1,0,0,0,2.67,2
2752,18,0,2,1,3.3,18,0,2,0,0,0,0,1.33,4
2753,16,1,3,2,2.5,19,0,1,0,0,0,1,0.75,4
2754,17,1,1,3,19.6,16,0,2,1,0,0,1,1.85,4
2755,15,0,0,2,7.9,19,0,2,0,0,0,0,1.54,4
2756,18,0,0,2,4.5,15,0,2,1,0,0,0,1.58,4
2757,15,1,2,1,3.4,4,0,2,1,0,0,0,2.88,2
2758,15,1,2,3,13.4,2,0,2,0,0,1,0,3.05,1
2759,17,1,0,4,12.2,29,0,3,0,0,0,0,0.33,4
2760,17,1,0,1,12.9,26,0,1,0,1,0,0,0.61,4
2761,18,0,2,2,1.8,14,0,2,0,0,0,0,1.57,4
2762,17,0,0,0,17.9,25,0,3,0,0,0,0,1.22,4
2763,17,0,0,2,7.8,1,0,2,0,1,0,1,3.02,1
2764,17,1,0,2,6.3,12,1,2,0,0,0,1,2.26,3
2765,15,1,1,1,9.2,21,1,2,0,1,0,0,1.46,4
2766,18,1,2,2,7.8,7,0,2,0,0,1,0,2.45,3
2767,16,1,3,1,17.3,22,0,1,1,0,0,0,1.28,4
2768,15,0,1,2,18.6,26,0,2,0,0,0,0,1.04,4
2769,17,0,1,2,6.1,29,0,4,1,1,1,1,1.04,4
2770,15,1,0,0,17.3,16,0,2,0,0,0,1,1.57,4
2771,17,0,1,2,15.6,3,0,0,1,0,0,0,2.9,2
2772,17,1,0,2,18.6,18,0,3,0,0,0,0,1.82,4
2773,15,1,1,1,4.9,21,0,2,0,0,0,0,0.73,4
2774,18,0,0,0,11.5,24,1,1,0,0,0,0,0.9,4
2775,17,1,0,2,5.5,8,1,3,0,0,0,1,2.42,3
2776,18,1,0,4,16.5,22,0,1,0,0,1,0,1.22,4
2777,16,0,0,1,0.1,14,0,4,0,0,0,0,2.0,4
2778,17,1,0,1,11.3,27,0,2,0,1,0,0,0.62,4
2779,18,1,0,1,6.8,8,1,3,0,0,1,0,2.9,2
2780,18,0,3,2,6.5,23,1,2,0,1,0,0,1.35,4
2781,16,1,0,1,12.9,20,1,1,0,0,1,0,1.35,4
2782,18,0,1,1,17.0,8,0,3,0,0,0,0,2.75,2
2783,18,1,2,2,12.2,13,1,4,1,0,1,0,2.99,2
2784,16,0,3,2,17.1,22,0,3,0,0,0,0,1.59,4
2785,17,0,1,1,5.3,20,1,3,1,0,1,0,1.65,4
2786,18,0,2,2,10.4,15,1,4,0,1,0,1,2.14,3
2787,18,1,0,2,9.0,23,0,1,0,0,0,0,0.74,4
2788,18,0,0,0,0.2,22,0,0,0,0,0,0,0.35,4
2789,15,0,0,0,11.1,24,1,0,0,0,0,0,0.69,4
2790,16,0,1,3,13.2,25,0,3,1,0,0,0,0.94,4
2791,15,0,1,0,11.8,16,0,3,0,0,0,0,1.88,4
2792,16,0,0,2,14.7,12,0,3,1,1,0,0,2.47,3
2793,17,1,0,3,11.4,8,0,4,0,0,0,1,2.51,2
2794,17,1,1,1,1.3,14,0,3,0,0,0,0,1.56,4
2795,18,1,0,1,2.3,6,0,2,0,0,0,0,2.46,3
2796,16,1,1,2,11.9,0,0,1,0,0,0,0,2.74,2
2797,17,1,1,3,5.5,0,0,4,0,1,0,0,3.26,1
2798,16,1,2,3,1.6,4,0,1,0,0,1,1,2.28,3
2799,17,1,2,2,8.6,23,0,2,0,0,0,0,1.15,4
2800,15,0,2,0,11.1,8,0,2,1,1,0,0,2.79,2
2801,17,1,0,2,6.6,11,0,1,0,0,0,0,1.54,4
2802,15,0,2,2,14.4,5,0,3,1,0,0,0,3.06,1
2803,17,0,1,2,12.9,27,1,1,0,0,0,0,0.74,4
2804,18,1,0,0,6.7,12,0,4,0,0,0,0,2.5,3
2805,15,0,0,1,15.1,25,1,2,1,0,0,0,0.9,4
2806,17,0,0,2,13.0,27,0,3,1,0,1,0,0.77,4
2807,18,0,0,2,12.7,7,1,3,0,1,0,0,3.01,1
2808,15,0,1,1,11.1,14,0,3,0,0,0,0,1.82,4
2809,18,1,2,1,0.2,5,0,4,0,0,0,0,2.54,2
2810,16,1,0,3,13.9,26,0,1,1,0,0,0,0.65,4
2811,16,1,0,2,7.5,5,0,0,0,0,0,0,2.63,2
2812,15,1,3,1,18.9,3,0,0,1,0,0,0,2.71,2
2813,17,1,0,1,16.4,10,0,3,0,1,0,0,2.67,2
2814,15,1,0,1,11.8,20,0,4,0,0,1,0,1.71,4
2815,18,1,1,3,5.0,29,1,2,1,0,0,0,0.21,4
2816,17,1,1,2,4.1,17,0,3,1,0,0,0,1.86,4
2817,16,1,0,2,6.8,2,0,0,0,1,0,0,2.67,2
2818,17,1,0,2,9.5,2,0,1,1,0,0,0,2.72,2
2819,16,0,0,1,5.9,29,0,3,1,0,0,0,0.74,4
2820,17,1,1,3,10.3,11,1,0,1,0,0,0,2.3,3
2821,17,0,1,2,3.3,26,1,2,1,1,0,0,0.84,4
2822,17,0,0,1,19.6,20,1,3,0,1,0,0,2.13,3
2823,18,0,1,1,2.2,29,1,3,1,1,1,1,0.99,4
2824,18,0,2,2,18.6,20,0,2,1,1,0,0,1.45,4
2825,15,1,0,3,18.3,5,0,3,0,0,1,1,2.86,2
2826,15,0,0,1,10.5,20,0,2,0,0,0,0,1.18,4
2827,16,1,1,3,14.5,27,1,0,0,0,0,0,0.13,4
2828,18,1,0,2,8.7,5,1,3,1,0,0,0,3.36,1
2829,16,0,0,1,12.6,7,0,1,1,0,0,1,2.25,3
2830,15,1,1,0,6.8,14,0,0,0,1,0,0,1.69,4
2831,16,0,2,1,6.0,17,1,2,0,0,0,1,1.82,4
2832,15,0,2,2,11.6,19,0,3,0,0,0,0,1.49,4
2833,18,1,1,1,10.0,28,1,1,0,1,0,0,0.0,4
2834,17,1,2,1,11.6,15,0,0,0,0,0,1,1.57,4
2835,18,0,0,2,5.7,5,0,1,0,0,0,1,2.23,3
2836,16,1,1,2,7.3,27,0,2,1,0,0,0,0.51,4
2837,16,1,0,1,1.7,20,0,2,0,0,0,0,0.7,4
2838,18,1,0,2,1.0,16,0,1,1,1,0,0,1.82,4
2839,18,0,2,2,5.1,8,0,3,0,0,0,0,2.34,3
2840,15,0,1,2,1.5,18,1,3,1,1,0,0,1.76,4
2841,16,1,0,3,2.1,17,0,3,0,0,0,0,1.58,4
2842,16,1,3,1,16.3,24,1,2,1,0,0,0,1.51,4
2843,18,1,0,3,0.8,22,0,2,0,0,1,0,0.55,4
2844,17,1,0,2,13.2,4,1,2,0,0,0,0,3.11,1
2845,16,1,0,2,5.5,27,0,2,0,0,0,0,0.31,4
2846,17,0,2,2,17.4,5,0,0,0,0,0,0,2.23,3
2847,18,1,2,2,9.7,11,0,3,1,0,0,1,2.51,2
2848,18,0,0,1,6.1,10,0,2,0,0,0,0,1.98,4
2849,15,1,1,2,10.4,15,1,1,1,0,0,0,2.34,3
2850,16,0,0,2,7.6,19,0,1,0,0,0,1,1.26,4
2851,17,1,2,2,11.3,16,0,1,1,0,1,0,1.78,4
2852,15,0,0,1,2.3,19,1,4,0,0,0,0,1.5,4
2853,16,1,0,3,19.9,8,0,1,0,1,0,1,2.24,3
2854,15,0,3,2,8.5,0,1,3,0,1,0,0,3.82,0
2855,18,0,0,0,7.0,25,0,2,1,1,0,1,0.9,4
2856,16,0,0,2,14.2,2,1,3,0,1,0,0,3.53,0
2857,15,0,1,2,7.3,20,0,2,0,0,0,0,1.02,4
2858,15,0,3,2,16.7,22,1,4,0,0,0,0,1.96,4
2859,17,0,0,2,9.1,8,0,1,0,1,1,0,2.75,2
2860,15,1,0,3,14.4,21,0,2,0,0,1,1,1.55,4
2861,16,0,0,1,2.1,18,0,1,0,0,0,0,0.71,4
2862,16,1,1,2,16.9,12,0,2,1,1,0,0,2.82,2
2863,17,1,0,3,14.7,22,0,2,1,0,1,0,1.29,4
2864,16,1,1,3,4.2,13,0,3,1,0,0,0,2.13,3
2865,18,1,3,2,2.9,19,0,2,0,0,0,0,1.11,4
2866,16,1,0,3,6.3,18,1,0,0,0,1,0,1.26,4
2867,16,0,0,0,19.5,29,0,3,1,1,0,0,1.08,4
2868,15,0,0,3,5.1,22,1,2,0,0,0,1,0.68,4
2869,15,0,0,1,9.1,26,0,1,0,1,1,0,0.69,4
2870,16,1,2,1,0.6,26,0,4,1,1,1,0,1.02,4
2871,17,0,0,1,7.9,6,1,4,0,0,0,0,3.43,1
2872,15,0,0,2,11.4,3,1,3,0,0,0,0,3.25,1
2873,17,0,1,1,19.1,11,0,3,0,0,0,0,2.28,3
2874,16,0,0,1,10.3,22,0,0,0,1,0,0,0.83,4
2875,16,0,1,1,16.4,26,0,4,0,0,0,0,0.86,4
2876,18,1,0,1,10.9,13,0,2,0,1,0,0,1.74,4
2877,15,0,2,2,0.8,1,0,1,0,0,1,1,2.81,2
2878,16,1,3,2,6.3,0,0,3,1,0,1,0,3.49,1
2879,18,1,1,1,11.5,27,0,1,0,1,0,0,0.69,4
2880,15,1,3,2,19.0,17,0,2,1,0,0,0,2.16,3
2881,16,1,0,3,17.2,19,1,1,0,0,0,0,1.89,4
2882,16,1,0,2,4.6,7,1,2,1,0,1,0,2.88,2
2883,15,0,1,1,4.4,2,0,2,1,1,0,1,3.27,1
2884,15,0,1,2,4.0,25,0,2,1,1,1,0,1.03,4
2885,15,0,0,1,18.4,5,0,0,1,1,0,1,2.49,3
2886,16,1,0,1,17.1,21,1,2,0,0,0,0,1.71,4
2887,16,0,0,1,15.5,12,0,2,0,0,1,0,2.32,3
2888,18,0,0,3,7.9,8,0,1,0,0,0,0,2.2,3
2889,17,1,0,1,10.1,8,0,4,0,0,0,1,2.5,2
2890,15,1,2,0,9.3,19,0,2,0,0,0,0,1.05,4
2891,16,1,0,1,5.1,8,0,3,0,0,1,1,2.44,3
2892,16,1,0,3,10.1,14,1,1,0,0,0,0,1.91,4
2893,15,0,1,2,0.6,12,0,2,1,1,0,0,1.63,4
2894,17,1,1,1,2.6,21,0,1,1,1,0,0,1.07,4
2895,15,1,2,2,17.7,15,0,2,0,1,0,0,2.37,3
2896,17,0,1,2,15.0,1,0,1,0,0,0,0,2.97,2
2897,16,0,0,2,8.5,25,0,2,1,0,0,0,0.36,4
2898,17,1,2,1,10.3,13,0,2,0,0,1,1,1.92,4
2899,18,0,1,3,7.4,26,0,1,0,0,0,0,0.33,4
2900,16,1,0,1,14.8,5,1,3,0,0,0,1,3.22,1
2901,18,1,1,2,15.7,1,1,4,0,1,0,0,3.95,0
2902,15,0,3,0,15.3,7,0,1,0,0,0,0,2.8,2
2903,15,0,0,1,14.5,3,1,3,1,0,0,0,3.56,0
2904,15,1,0,1,4.1,20,1,3,0,0,0,0,1.36,4
2905,17,1,0,2,6.8,23,0,2,0,0,1,0,0.74,4
2906,16,1,0,0,9.4,13,0,3,1,0,0,1,2.32,3
2907,15,0,0,2,6.6,10,0,4,1,0,0,0,2.84,2
2908,15,1,1,1,15.1,23,0,2,0,0,0,1,0.83,4
2909,16,1,0,2,6.6,27,1,3,1,0,0,1,0.88,4
2910,15,1,3,3,2.8,13,0,3,1,0,0,0,1.47,4
2911,18,1,2,2,8.0,11,0,2,1,0,1,0,2.12,3
2912,16,1,1,2,19.6,15,0,2,1,0,0,0,2.48,3
2913,16,0,2,2,4.5,5,0,4,1,0,0,0,2.88,2
2914,16,1,0,1,12.2,19,0,3,0,1,0,0,1.66,4
2915,18,1,0,3,8.7,0,0,1,1,0,0,0,2.96,2
2916,16,1,1,1,1.4,11,0,1,1,0,1,0,2.03,3
2917,18,1,2,2,9.8,6,1,4,0,1,0,0,3.21,1
2918,16,0,2,2,14.0,7,1,0,0,0,0,0,2.55,2
2919,17,0,0,1,10.3,8,1,3,1,1,0,0,3.13,1
2920,15,0,3,1,17.4,1,1,1,1,1,0,0,4.0,0
2921,17,1,0,2,5.8,16,1,0,0,0,0,1,1.36,4
2922,15,1,2,3,1.7,19,0,0,0,1,0,0,0.68,4
2923,18,0,3,3,18.7,12,0,2,1,0,0,0,2.23,3
2924,17,0,0,2,7.6,4,0,0,0,0,0,1,1.95,4
2925,16,0,2,2,11.5,9,0,2,0,1,0,0,2.47,3
2926,15,1,0,3,15.8,11,0,3,0,1,0,0,2.51,2
2927,15,1,0,0,6.5,16,1,2,0,0,1,0,2.1,3
2928,17,0,1,1,14.3,20,0,3,1,0,0,1,1.35,4
2929,18,0,1,2,2.7,5,0,2,0,0,0,1,2.24,3
2930,17,0,3,3,5.8,2,0,2,0,0,0,0,2.64,2
2931,18,1,1,3,2.9,27,0,2,0,0,1,0,0.29,4
2932,18,1,0,2,16.2,14,1,2,0,1,0,0,2.08,3
2933,15,1,2,0,4.5,6,0,4,1,0,0,0,2.78,2
2934,17,0,3,2,14.3,29,0,3,0,0,0,0,0.48,4
2935,17,0,0,1,18.9,5,0,2,0,0,0,0,2.88,2
2936,18,1,3,1,10.6,3,1,3,0,0,0,0,3.47,1
2937,17,0,0,2,10.8,18,0,2,0,0,0,0,1.32,4
2938,16,1,2,0,9.2,4,0,1,1,0,0,0,2.72,2
2939,16,0,0,3,6.5,2,1,2,0,1,0,0,3.47,1
2940,17,0,0,2,9.5,25,0,3,1,0,0,0,0.93,4
2941,17,0,0,2,12.1,24,0,2,0,0,0,1,0.52,4
2942,18,0,1,0,19.7,8,0,3,0,1,0,0,2.73,2
2943,16,1,0,1,18.8,5,1,2,1,0,0,0,3.1,1
2944,16,0,0,0,17.2,12,0,2,1,0,0,0,2.07,3
2945,15,1,1,4,17.8,26,0,4,1,1,1,0,1.98,4
2946,18,1,3,3,9.4,21,0,2,0,0,0,0,0.77,4
2947,15,1,0,2,13.1,27,0,3,0,0,0,0,0.64,4
2948,16,0,0,1,17.9,29,0,3,1,1,1,0,1.15,4
2949,18,1,0,3,7.9,19,0,4,0,1,1,0,1.75,4
2950,17,1,0,1,19.2,3,0,0,1,0,0,0,2.82,2
2951,18,1,2,1,8.3,1,0,1,1,0,1,1,3.24,1
2952,17,0,2,2,12.0,25,0,3,1,0,0,0,0.71,4
2953,17,0,1,3,14.2,3,0,2,1,0,0,0,2.91,2
2954,18,1,0,0,19.0,7,0,2,0,0,0,0,2.89,2
2955,17,0,2,1,4.9,12,0,1,1,1,0,0,1.78,4
2956,15,1,1,3,14.9,9,0,1,0,0,0,1,2.46,3
2957,16,1,2,1,10.4,17,1,2,0,0,0,0,1.94,4
2958,17,0,1,1,5.4,8,0,1,0,0,0,0,2.29,3
2959,15,1,2,2,15.5,29,0,1,0,1,0,0,0.58,4
2960,17,0,1,3,11.0,0,0,0,1,0,1,1,2.91,2
2961,16,0,0,2,13.2,12,0,1,1,0,0,0,1.74,4
2962,15,1,3,4,6.5,17,1,3,0,1,0,0,1.67,4
2963,16,0,1,2,9.6,14,0,3,0,0,0,0,1.65,4
2964,16,0,1,0,12.3,1,0,0,1,0,0,1,2.71,2
2965,15,1,0,4,8.1,10,0,1,1,0,0,0,1.96,4
2966,15,1,1,2,4.0,28,0,2,1,1,0,0,0.67,4
2967,15,0,1,1,19.2,13,0,2,1,1,0,0,2.61,2
2968,18,0,0,2,10.2,21,0,3,1,0,1,0,1.57,4
2969,15,1,0,1,14.7,14,1,3,0,0,0,0,2.2,3
2970,15,0,1,0,8.2,13,1,3,1,0,0,0,2.33,3
2971,15,0,2,0,7.1,15,0,2,1,0,0,0,1.77,4
2972,15,0,1,2,8.1,22,0,2,1,1,0,1,1.15,4
2973,17,0,0,3,8.2,28,1,3,0,0,0,0,0.84,4
2974,18,0,1,2,10.9,14,0,0,1,1,0,0,1.56,4
2975,16,0,0,4,10.9,18,0,0,0,0,0,0,0.87,4
2976,15,0,0,1,9.9,26,1,0,0,1,1,0,0.61,4
2977,17,1,0,1,2.7,8,0,2,1,1,0,0,2.57,2
2978,17,1,0,1,9.9,4,0,1,0,0,0,0,2.31,3
2979,17,1,0,1,3.4,4,0,1,0,0,1,0,2.32,3
2980,16,1,0,1,2.5,10,0,3,1,0,0,0,2.31,3
2981,15,1,0,2,18.7,27,1,4,1,1,1,1,1.59,4
2982,18,0,0,3,12.1,19,0,1,1,0,1,0,1.63,4
2983,18,0,1,4,13.2,24,1,2,0,1,1,0,1.56,4
2984,17,0,0,1,8.0,23,0,1,1,0,0,0,0.68,4
2985,16,0,0,3,18.2,27,0,4,0,0,0,0,0.97,4
2986,16,1,2,1,12.8,3,0,1,1,0,0,1,3.34,1
2987,16,0,0,1,15.4,19,0,3,0,1,0,0,1.89,4
2988,18,0,1,3,7.4,17,0,1,1,0,0,0,1.47,4
2989,17,1,0,2,19.2,24,0,3,0,0,0,0,1.44,4
2990,15,0,0,1,16.4,2,1,1,1,1,0,0,3.4,1
2991,18,0,1,2,17.1,3,1,1,0,1,0,0,3.56,0
2992,17,1,1,1,3.4,13,0,1,1,1,1,0,2.07,3
2993,17,0,2,2,5.4,6,0,1,0,0,0,0,2.5,2
2994,15,0,1,2,5.7,25,1,3,1,0,0,0,0.97,4
2995,15,0,3,4,5.4,7,0,3,0,0,0,0,2.69,2
2996,15,0,0,0,17.1,23,0,2,0,1,0,0,0.86,4
2997,16,0,0,1,0.6,15,1,4,1,0,0,0,1.99,4
2998,15,1,0,2,1.5,19,0,2,1,0,0,0,1.2,4
2999,17,1,0,2,5.5,14,0,4,0,1,0,0,2.2,3
3000,15,1,1,1,4.0,6,0,1,0,0,1,0,1.9,4
3001,17,1,1,2,4.6,25,0,4,1,0,1,0,0.84,4
3002,18,1,0,3,16.0,16,0,0,1,0,0,1,1.36,4
3003,16,1,3,3,11.3,21,0,2,0,0,0,0,0.85,4
3004,18,0,2,3,0.1,21,1,2,1,0,0,0,1.0,4
3005,18,1,0,3,8.6,21,0,2,1,1,0,0,1.39,4
3006,17,1,0,2,8.2,11,0,2,0,1,0,1,2.44,3
3007,18,0,0,3,2.3,17,0,2,0,0,1,0,1.24,4
3008,17,0,0,1,13.5,23,1,4,1,0,0,0,1.96,4
3009,15,1,0,1,14.0,13,1,4,1,0,0,0,2.69,2
3010,15,0,1,1,14.4,14,1,4,1,1,0,0,2.74,2
3011,17,1,0,2,14.6,14,0,4,0,0,1,0,2.5,3
3012,15,0,0,1,0.0,4,1,3,0,1,0,0,2.97,2
3013,16,1,3,4,19.1,15,0,4,0,1,0,0,2.22,3
3014,18,0,1,1,16.3,4,0,3,1,0,0,0,3.5,0
3015,16,0,3,0,18.1,1,0,2,0,0,1,0,3.38,1
3016,18,1,0,2,0.3,19,0,3,0,0,0,0,1.42,4
3017,15,1,0,0,18.7,27,1,4,0,0,0,0,1.14,4
3018,16,1,1,1,16.2,24,0,3,0,0,0,0,0.77,4
3019,15,1,0,1,16.7,8,0,2,0,0,0,0,2.35,3
3020,18,1,0,2,1.9,21,0,0,0,0,0,1,0.32,4
3021,17,0,1,2,14.8,26,0,3,1,0,1,0,1.12,4
3022,17,1,1,2,19.2,8,0,4,0,0,0,0,2.72,2
3023,16,1,0,2,13.6,3,0,2,0,0,0,0,2.66,2
3024,15,0,0,2,11.4,14,0,1,0,0,0,0,1.53,4
3025,15,0,0,1,18.9,10,0,2,0,1,1,0,2.74,2
3026,16,1,0,1,8.9,0,1,2,0,1,1,0,3.75,0
3027,17,0,0,2,12.0,17,1,2,0,0,0,0,1.71,4
3028,18,0,0,0,9.5,28,1,3,0,0,0,0,0.96,4
3029,16,1,0,0,18.7,0,1,4,1,0,0,1,4.0,0
3030,18,0,3,2,1.5,7,0,3,0,0,0,0,1.86,4
3031,17,0,1,2,10.0,24,1,2,0,0,0,0,1.0,4
3032,15,1,2,1,13.7,15,0,4,1,1,0,0,2.41,3
3033,17,1,0,1,15.8,25,1,2,0,0,0,0,1.17,4
3034,16,0,0,3,11.7,27,0,1,1,0,0,0,0.28,4
3035,15,0,0,3,18.2,21,1,2,0,1,0,0,1.91,4
3036,16,1,0,2,18.8,17,0,3,0,0,1,0,2.02,3
3037,16,0,0,2,1.3,21,0,3,0,0,0,0,0.92,4
3038,17,0,2,2,8.0,8,0,4,1,1,0,0,3.13,1
3039,16,0,1,4,0.5,11,0,2,0,0,0,0,1.95,4
3040,17,1,1,4,6.6,18,1,1,0,0,0,0,1.51,4
3041,15,0,0,1,10.7,24,0,0,0,1,0,0,0.15,4
3042,17,0,3,3,18.2,17,0,3,0,1,0,0,1.71,4
3043,15,1,0,1,16.9,26,1,3,1,1,0,0,1.42,4
3044,17,0,0,1,2.5,4,0,2,0,1,0,0,2.44,3
3045,18,0,0,2,1.9,26,0,2,1,0,0,0,0.32,4
3046,18,1,2,2,11.8,1,0,4,0,1,0,0,3.54,0
3047,16,1,3,3,10.6,6,0,4,1,1,0,0,3.13,1
3048,17,1,0,0,5.3,26,1,1,0,1,0,0,0.66,4
3049,17,1,2,2,18.0,9,1,3,1,1,0,0,3.51,0
3050,15,0,2,3,18.5,14,1,3,0,0,1,0,2.86,2
3051,16,0,0,3,8.1,24,0,1,1,1,1,0,1.12,4
3052,17,1,0,1,17.8,6,0,2,1,0,0,0,3.2,1
3053,16,1,0,1,7.7,27,0,1,0,0,0,0,0.1,4
3054,18,0,3,2,14.7,4,1,1,1,0,0,0,3.02,1
3055,17,1,0,1,9.5,14,0,3,1,1,0,0,2.22,3
3056,17,0,2,4,2.5,19,0,2,1,0,0,1,1.11,4
3057,16,1,0,3,18.6,27,0,2,0,1,0,0,0.99,4
3058,17,0,2,1,9.1,19,0,2,0,0,0,0,1.18,4
3059,16,1,0,1,14.7,14,1,0,1,0,0,0,2.29,3
3060,17,1,1,0,7.3,9,0,3,0,0,0,1,2.29,3
3061,15,0,2,3,0.4,23,0,2,0,0,0,1,0.37,4
3062,16,1,2,1,2.0,25,0,2,1,1,0,0,0.67,4
3063,17,0,2,2,9.9,28,1,4,0,0,0,0,0.73,4
3064,18,0,0,2,13.8,25,0,2,0,0,1,0,1.01,4
3065,17,0,1,2,6.7,13,0,3,0,0,0,0,1.83,4
3066,18,0,0,0,13.9,25,0,2,1,0,0,0,0.94,4
3067,18,0,0,1,14.0,25,0,3,1,0,0,0,1.15,4
3068,15,1,1,3,14.1,9,1,3,1,0,0,0,3.03,1
3069,16,1,0,3,9.9,16,0,1,1,0,0,0,1.76,4
3070,17,0,1,2,18.3,20,1,3,0,0,1,0,1.97,4
3071,15,1,3,0,9.8,13,0,0,0,0,0,1,1.3,4
3072,17,0,0,1,9.0,1,1,4,0,1,1,0,3.77,0
3073,18,1,1,2,4.0,15,1,2,0,1,1,0,1.92,4
3074,16,1,0,1,6.2,12,0,3,0,0,0,0,1.79,4
3075,17,1,0,3,0.8,26,0,2,1,0,0,1,0.63,4
3076,17,1,0,2,12.7,8,0,3,1,0,1,0,2.85,2
3077,18,0,3,0,5.0,6,0,4,0,0,0,0,2.68,2
3078,17,0,2,3,6.1,15,0,3,1,0,0,0,1.9,4
3079,17,1,3,4,15.4,9,0,1,1,0,0,0,2.45,3
3080,18,1,3,0,6.5,23,1,2,1,0,0,0,1.21,4
3081,15,0,0,2,4.8,21,0,2,0,1,0,0,1.53,4
3082,18,1,0,1,3.4,8,1,2,0,1,0,0,2.69,2
3083,15,0,1,1,15.5,21,0,2,0,0,1,0,1.13,4
3084,16,0,0,1,2.6,22,0,2,0,0,0,0,0.74,4
3085,15,0,0,2,9.1,6,1,2,0,0,1,0,2.89,2
3086,15,1,0,4,10.1,15,0,1,1,0,0,0,1.38,4
3087,16,0,1,2,13.7,8,0,2,0,0,0,0,1.94,4
3088,15,1,1,0,12.7,26,1,1,0,1,1,0,1.06,4
3089,18,0,0,2,16.2,23,1,1,0,1,0,0,1.23,4
3090,15,1,0,1,0.9,28,0,3,1,0,0,0,0.15,4
3091,16,1,1,3,5.9,16,0,0,0,1,0,1,1.17,4
3092,18,1,1,2,5.6,19,0,2,0,0,0,0,1.02,4
3093,16,0,0,1,2.9,6,0,2,1,0,1,0,2.52,2
3094,16,0,2,1,5.8,10,0,2,0,0,0,0,2.03,3
3095,17,1,0,2,6.2,7,0,3,1,0,0,0,2.67,2
3096,17,1,0,1,10.4,6,0,2,0,1,0,0,2.87,2
3097,16,1,2,2,13.3,27,1,1,0,1,0,0,1.03,4
3098,16,0,1,1,7.6,18,1,3,0,0,0,0,1.76,4
3099,16,0,0,1,14.4,19,0,4,1,1,0,0,1.9,4
3100,17,0,1,2,6.7,11,0,0,1,1,0,1,2.04,3
3101,17,0,1,3,5.8,6,0,2,0,0,0,0,2.05,3
3102,15,1,2,3,10.8,7,0,2,0,0,0,0,2.33,3
3103,15,1,2,1,0.5,6,0,1,0,1,0,0,1.76,4
3104,16,0,1,1,1.6,5,0,2,1,1,1,0,2.83,2
3105,18,0,0,1,8.4,24,0,3,0,0,0,0,0.69,4
3106,18,1,0,2,18.9,8,1,1,0,0,1,0,2.95,2
3107,17,0,0,2,14.4,26,1,4,0,0,0,0,0.99,4
3108,17,0,0,3,1.8,12,1,2,0,1,0,0,2.14,3
3109,17,0,1,3,16.9,6,0,2,1,1,0,0,3.03,1
3110,16,0,1,1,14.6,7,0,3,1,0,0,0,2.8,2
3111,18,0,0,2,12.2,21,0,0,0,0,0,0,0.61,4
3112,15,0,0,3,16.4,16,1,2,0,1,0,0,2.2,3
3113,16,1,0,3,8.1,16,0,2,0,0,0,0,1.41,4
3114,15,0,0,0,4.4,15,0,2,0,1,0,0,1.44,4
3115,15,0,2,1,10.2,21,0,2,1,0,0,1,1.23,4
3116,16,1,0,2,11.0,1,0,0,0,0,0,0,2.79,2
3117,15,1,1,1,10.8,29,0,1,0,0,0,0,0.38,4
3118,18,1,3,1,11.3,7,0,1,0,0,0,1,2.17,3
3119,15,0,0,0,19.0,16,0,4,1,1,0,0,2.39,3
3120,18,1,0,2,18.0,12,0,0,0,1,0,0,1.78,4
3121,18,0,0,1,17.5,17,0,1,1,1,0,0,1.79,4
3122,18,0,1,0,16.0,23,0,4,1,0,0,0,1.27,4
3123,17,0,1,1,18.9,27,1,3,1,0,0,0,1.49,4
3124,15,1,0,3,2.0,21,0,2,1,0,0,0,1.06,4
3125,16,1,1,3,5.3,27,0,0,0,1,0,0,0.0,4
3126,16,1,2,2,9.9,9,0,3,0,0,0,0,2.15,3
3127,15,1,0,2,16.9,1,1,1,1,1,0,0,3.6,0
3128,17,1,0,4,10.1,1,0,3,1,1,0,0,3.81,0
3129,17,0,2,1,15.0,26,0,4,1,0,1,1,1.18,4
3130,18,0,1,1,2.8,13,0,2,1,1,0,1,1.95,4
3131,15,0,2,1,5.0,15,0,1,0,1,0,0,1.81,4
3132,15,0,1,1,14.6,6,0,3,0,1,1,0,3.22,1
3133,16,1,2,1,3.3,20,0,2,1,0,0,0,0.81,4
3134,15,1,0,3,7.0,20,1,2,1,1,0,0,1.29,4
3135,17,0,2,2,5.3,23,1,2,0,0,1,0,1.08,4
3136,15,1,3,2,7.0,11,1,3,0,0,1,0,2.92,2
3137,16,1,1,3,14.2,27,0,2,0,0,0,0,0.8,4
3138,18,0,0,0,7.4,22,1,4,0,0,0,0,1.45,4
3139,16,0,0,1,11.1,27,0,3,0,1,0,0,0.94,4
3140,16,1,0,2,2.0,13,0,1,1,0,0,0,1.78,4
3141,18,1,0,2,16.1,24,1,3,0,0,1,0,1.11,4
3142,16,0,0,0,7.4,3,0,1,1,0,0,0,2.81,2
3143,16,0,1,2,13.0,25,0,3,1,1,1,0,1.65,4
3144,15,0,1,2,14.5,3,0,1,1,1,0,0,3.6,0
3145,15,1,0,2,4.2,17,0,2,1,0,0,0,1.53,4
3146,18,0,1,2,17.7,2,1,3,0,1,0,1,3.46,1
3147,15,0,0,1,12.3,0,0,1,1,0,0,0,3.33,1
3148,15,1,0,0,8.6,16,0,3,0,0,0,0,1.72,4
3149,16,1,0,2,3.6,6,0,3,1,1,1,0,3.18,1
3150,17,1,1,1,18.8,29,1,2,0,1,0,0,1.0,4
3151,15,1,0,3,15.1,15,0,2,1,1,0,1,2.53,2
3152,17,1,0,2,4.2,29,0,4,0,0,1,0,0.51,4
3153,15,0,0,1,6.8,4,1,1,0,0,1,1,2.86,2
3154,15,0,2,2,16.2,18,0,3,0,0,1,0,1.73,4
3155,18,1,0,2,13.9,6,0,3,1,0,0,0,2.99,2
3156,18,1,1,1,15.3,13,1,4,0,0,0,0,2.57,2
3157,18,1,1,3,8.8,1,0,3,0,0,0,1,3.14,1
3158,17,1,2,3,14.3,2,1,2,1,0,0,1,3.64,0
3159,16,1,3,2,7.7,16,0,4,0,0,1,0,1.47,4
3160,15,0,0,0,4.2,15,1,3,0,0,0,0,1.8,4
3161,15,0,0,2,12.7,7,1,3,0,1,0,0,3.18,1
3162,15,0,2,2,19.5,17,0,0,0,0,0,0,1.44,4
3163,17,0,0,1,6.2,14,0,2,1,1,1,0,1.88,4
3164,18,1,1,1,9.2,6,1,3,0,0,1,0,3.13,1
3165,16,0,1,3,13.5,26,0,2,1,0,0,0,0.81,4
3166,17,1,1,0,10.8,8,0,2,0,0,0,0,2.48,3
3167,18,1,3,2,16.9,5,0,1,1,0,0,0,2.97,2
3168,17,1,3,2,15.2,17,1,2,1,0,0,0,2.07,3
3169,16,0,2,2,1.2,17,1,1,1,1,0,1,1.64,4
3170,18,1,0,0,20.0,24,0,1,0,0,0,0,0.91,4
3171,17,0,2,3,15.0,25,0,2,0,0,0,0,0.81,4
3172,16,0,0,1,17.3,23,1,3,0,0,0,0,1.68,4
3173,15,1,0,2,13.0,13,1,2,1,1,0,0,3.14,1
3174,16,1,2,2,17.1,13,0,1,0,0,1,0,1.8,4
3175,15,1,0,2,2.2,13,1,1,1,1,1,0,1.69,4
3176,17,0,0,4,7.0,24,1,2,0,0,1,0,0.9,4
3177,18,1,0,2,17.5,3,0,3,0,0,1,0,3.14,3
3178,18,0,2,1,4.0,3,1,3,0,0,0,1,3.19,2
3179,17,1,1,4,1.6,14,0,1,0,1,0,0,1.8,3
3180,18,1,1,2,15.8,14,0,2,1,1,0,0,2.44,4
3181,18,0,0,1,16.7,17,0,3,0,0,0,0,1.69,4
3182,15,0,2,1,3.3,13,1,1,0,0,0,0,1.84,1
3183,17,0,2,3,17.1,25,1,2,0,0,0,0,1.31,2
3184,16,0,0,1,13.7,0,0,2,1,0,0,0,3.55,2
3185,15,0,0,2,10.4,9,0,1,0,0,0,1,2.17,4
3186,17,0,0,2,16.6,28,0,0,0,1,0,0,0.38,4
3187,15,1,3,1,8.4,19,1,2,1,1,0,0,1.56,3
3188,16,1,1,2,3.9,9,1,0,0,0,0,0,2.19,3
3189,16,0,3,0,5.7,9,0,1,0,1,0,0,2.46,1
3190,17,1,0,2,10.1,26,0,2,0,1,0,0,0.43,4
3191,16,0,2,2,10.6,23,0,0,1,0,0,0,0.87,3
3192,15,1,2,2,16.1,1,0,2,1,0,0,0,3.22,1
3193,16,1,1,2,15.8,28,0,1,1,1,0,0,0.82,2
3194,15,0,3,3,11.6,27,1,2,1,0,0,0,0.62,4
3195,15,0,0,2,15.6,26,0,3,1,0,0,0,1.17,0
3196,16,0,0,0,3.8,7,0,3,0,1,1,0,2.8,4
3197,17,1,1,1,1.0,0,0,2,0,0,0,0,3.0,3
3198,18,0,2,2,17.5,0,0,0,0,1,0,0,3.35,4
3199,16,1,1,3,1.5,3,0,3,0,0,0,0,2.73,0
3200,15,0,0,3,4.9,6,0,1,1,0,0,0,2.56,4
3201,15,1,1,3,13.9,8,0,0,1,0,1,0,2.38,3
3202,16,1,0,1,8.2,15,1,3,0,0,0,0,2.06,2
3203,17,0,0,2,17.5,4,0,4,0,0,0,0,3.12,3
3204,17,1,1,2,6.0,1,1,2,1,0,0,0,3.45,1
3205,15,1,2,1,0.2,27,0,0,0,1,0,0,0.0,3
3206,15,0,0,0,6.0,22,0,3,0,0,0,0,1.03,1
3207,17,1,0,3,11.6,10,0,0,1,0,0,0,1.99,4
3208,18,0,0,1,7.5,17,1,3,0,0,0,0,1.67,1
3209,16,0,0,1,10.7,24,0,2,1,0,0,1,0.88,4
3210,15,0,2,0,17.5,24,0,2,1,0,0,0,0.86,1
3211,15,0,3,3,18.2,18,1,2,0,0,0,1,1.97,3
3212,17,1,0,2,5.3,12,0,4,0,1,0,0,2.27,0
3213,16,1,2,2,9.2,23,1,3,1,0,0,0,1.12,4
3214,17,1,2,3,11.0,10,0,2,0,1,1,0,2.37,1
3215,16,0,2,1,19.0,19,0,3,0,0,0,0,1.5,0
3216,16,1,0,2,20.0,18,0,2,1,0,0,0,1.88,1
3217,16,1,3,0,4.7,16,1,3,0,0,0,0,1.7,1
3218,15,0,0,1,14.5,4,0,3,0,1,0,0,3.37,1
3219,18,0,0,3,7.6,12,0,0,0,0,0,0,1.29,3
3220,17,1,0,2,0.2,29,0,2,0,0,0,0,0.0,1
3221,18,0,0,1,0.2,26,0,4,0,0,0,0,0.58,0
3222,17,0,0,1,9.2,19,1,4,0,1,1,1,1.99,1
3223,16,0,0,2,9.8,0,0,0,0,1,0,0,3.04,2
3224,15,0,0,0,0.5,9,0,1,0,0,0,0,1.76,4
3225,18,1,2,1,13.7,7,0,4,1,0,0,1,3.25,3
3226,15,0,2,1,5.9,23,0,2,1,1,0,0,1.09,2
3227,17,0,0,1,11.2,28,0,2,0,1,0,0,0.76,2
3228,15,0,2,3,6.0,7,0,1,0,0,0,0,2.3,0
3229,15,0,2,1,3.3,18,1,3,1,1,0,0,1.65,0
3230,18,0,2,1,8.1,5,1,1,1,0,0,1,2.83,3
3231,16,0,0,2,4.6,11,0,1,1,0,0,0,2.06,3
3232,15,0,1,3,10.7,27,1,1,1,0,0,0,0.77,4
3233,16,0,3,1,4.0,6,0,4,0,0,0,0,2.64,1
3234,17,1,1,0,10.2,15,0,3,0,0,1,0,1.93,3
3235,15,0,0,1,3.1,8,0,3,1,0,1,0,2.72,3
3236,18,1,1,2,13.4,20,0,2,1,0,0,0,1.33,1
3237,17,0,1,2,15.1,24,0,4,0,0,1,0,1.25,4
3238,17,0,1,3,2.2,21,1,3,0,0,0,0,1.33,0
3239,18,0,0,4,9.4,9,1,3,0,0,0,0,2.62,4
3240,15,0,0,2,1.4,9,0,4,0,1,0,0,2.41,1
3241,15,1,2,2,12.0,9,0,2,0,0,0,0,2.27,0
3242,17,0,2,2,5.3,19,1,3,1,0,0,0,1.76,0
3243,15,0,0,0,10.6,28,0,4,1,0,0,0,0.81,0
3244,16,1,3,4,10.3,15,0,3,1,1,0,1,2.19,4
3245,18,1,0,1,18.5,0,0,2,1,0,0,0,3.21,1
3246,16,0,1,1,11.0,16,0,0,0,0,0,0,1.28,4
3247,15,1,2,2,11.7,29,0,3,1,1,1,0,0.92,4
3248,17,1,2,1,8.0,25,1,2,1,0,1,0,1.33,2
3249,18,1,3,2,19.0,20,1,1,0,0,1,0,1.61,3
3250,15,0,0,2,15.5,28,0,3,1,0,1,0,1.26,4
3251,15,0,2,2,5.7,13,1,2,0,1,0,0,2.24,2
3252,17,0,0,3,16.9,18,0,2,1,0,0,0,1.56,1
3253,17,1,2,1,8.6,20,0,3,0,1,0,0,1.16,2
3254,16,0,2,2,16.6,20,1,2,0,0,1,0,1.68,4
3255,18,1,1,2,16.5,16,0,0,0,1,0,1,1.6,1
3256,18,0,0,2,3.8,13,0,2,0,0,0,0,1.27,2
3257,17,0,2,2,14.0,7,0,0,0,0,0,0,2.21,4
3258,16,1,0,1,5.8,20,1,1,0,0,0,0,1.01,1
3259,18,0,0,2,5.9,20,1,0,0,0,0,0,0.97,1
3260,17,1,2,1,5.9,8,1,1,0,0,0,0,2.68,3
3261,15,1,0,3,14.5,7,0,2,0,1,0,1,2.4,4
3262,18,0,2,1,4.6,12,1,2,1,0,0,0,2.38,3
3263,16,1,0,2,0.0,16,0,4,1,0,1,0,1.95,1
3264,16,0,0,0,14.3,18,1,2,1,0,0,0,1.78,1
3265,16,0,2,1,3.4,27,0,3,1,0,0,0,0.56,2
3266,15,1,1,2,2.1,6,0,2,0,1,1,0,2.8,3
3267,18,0,0,3,4.8,16,0,3,0,0,0,0,1.51,0
3268,18,1,2,2,7.6,0,1,3,0,0,0,0,3.04,4
3269,15,0,1,3,9.5,4,1,2,1,0,0,0,3.21,3
3270,18,0,1,2,0.9,24,0,1,1,0,0,0,0.62,1
3271,15,0,0,2,19.4,5,0,2,0,0,0,1,2.8,2
3272,15,0,2,1,14.3,25,1,3,0,0,0,0,1.3,4
3273,15,0,2,3,6.5,1,0,2,1,1,0,0,3.48,4
3274,16,1,2,1,6.4,26,1,3,0,1,0,0,1.25,2
3275,18,1,0,3,9.0,24,1,1,0,1,0,0,1.17,1
3276,15,1,2,3,12.5,15,0,0,1,1,0,0,2.28,0
3277,18,1,1,3,2.9,21,0,2,0,0,0,0,1.02,2
3278,16,1,1,2,3.8,4,0,3,1,0,0,1,2.9,0
3279,15,1,0,2,17.2,4,0,2,0,1,0,0,3.28,3
3280,17,0,2,2,5.1,11,0,3,1,1,0,0,2.43,4
3281,16,0,2,1,7.6,2,1,1,1,0,1,0,3.23,1
3282,17,1,0,2,17.4,29,0,2,0,0,0,0,0.21,0
3283,18,1,0,0,13.3,15,0,3,1,0,0,0,2.02,1
3284,18,0,2,2,6.8,5,0,3,1,0,0,0,3.03,3
3285,16,0,0,1,13.7,14,0,1,1,0,0,0,1.7,0
3286,18,0,3,1,0.4,14,1,2,0,1,1,1,2.1,1
3287,17,1,1,1,14.7,28,0,3,0,0,0,0,0.52,1
3288,15,1,1,2,9.7,15,0,0,0,0,0,0,1.3,3
3289,15,1,0,2,16.3,19,1,3,1,0,1,0,2.14,2
3290,15,0,0,0,19.1,12,0,2,1,0,0,1,2.42,3
3291,16,0,3,2,18.5,11,0,1,0,0,0,0,2.57,0
3292,18,1,0,1,18.2,9,0,3,0,1,0,0,2.7,0
3293,17,1,2,2,10.2,13,1,1,1,1,0,1,2.31,4
3294,18,0,0,2,7.2,1,0,4,0,1,0,0,3.38,1
3295,18,0,0,2,9.3,28,1,3,0,0,0,0,0.39,0
3296,18,0,0,2,13.8,2,1,3,0,0,0,0,3.6,2
3297,15,0,1,1,17.7,8,0,0,0,1,0,0,2.28,2
3298,17,1,3,2,4.1,10,0,4,1,0,0,0,2.71,3
3299,17,0,0,2,18.4,10,0,3,0,1,0,1,2.56,0
3300,18,0,0,2,16.3,24,0,1,0,1,0,1,1.03,0
3301,15,0,0,2,19.6,21,1,2,1,0,0,0,2.1,4
3302,15,1,1,0,17.6,9,0,1,0,0,0,0,2.38,4
3303,17,1,0,2,5.6,25,0,4,0,0,0,0,0.66,4
3304,15,0,2,2,2.1,13,1,3,1,0,0,0,2.0,0
3305,15,0,1,1,2.2,8,0,4,1,0,0,0,2.14,3
3306,15,0,1,0,5.8,19,0,3,0,1,0,0,1.36,3
3307,16,1,0,0,12.3,26,0,2,0,1,0,0,0.5,3
3308,18,1,3,3,16.1,20,0,1,0,0,1,0,1.29,3
3309,17,1,0,2,18.0,9,1,1,1,0,0,1,2.67,2
3310,17,0,0,1,12.5,21,0,1,0,0,0,0,0.95,0
3311,16,1,1,1,0.1,28,0,2,0,0,0,0,0.0,1
3312,18,0,1,2,3.7,8,0,4,0,0,0,1,2.32,0
3313,17,0,0,3,2.0,28,0,4,1,0,0,1,0.67,3
3314,15,0,0,0,7.3,4,0,1,0,0,0,0,2.54,2
3315,17,1,2,1,10.0,7,0,3,0,0,1,0,2.34,2
3316,15,0,0,3,0.9,10,1,2,0,0,0,0,2.24,0
3317,16,1,2,0,7.0,0,1,2,0,0,0,0,3.05,1
3318,15,1,1,1,3.6,20,0,3,1,0,0,0,0.95,3
3319,17,0,0,4,12.9,9,0,2,1,0,1,1,2.6,2
3320,17,0,0,2,9.3,0,0,4,1,0,1,1,4.0,3
3321,17,1,0,1,9.9,25,0,3,1,1,0,0,1.08,3
3322,16,0,2,0,8.6,29,0,3,0,1,0,0,0.53,3
3323,16,1,1,0,19.1,21,0,1,1,0,0,0,1.46,4
3324,18,0,0,1,4.3,6,0,1,0,0,0,0,2.01,3
3325,17,1,1,3,10.3,27,0,2,0,0,0,0,0.47,3
3326,15,1,3,2,14.7,13,1,3,1,0,0,1,2.38,1
3327,16,1,0,2,11.1,4,0,4,1,1,0,0,3.55,1
3328,17,1,3,3,18.6,16,1,2,1,0,0,0,2.29,4
3329,17,0,0,2,7.6,21,0,3,1,0,0,0,1.34,4
3330,16,0,0,1,9.3,25,0,2,1,0,0,0,0.81,3
3331,18,1,0,2,1.8,20,1,1,0,1,0,1,1.56,2
3332,16,1,0,3,12.2,5,0,3,1,1,0,0,3.26,2
3333,16,0,0,3,5.8,15,1,3,1,0,0,0,2.18,0
3334,15,0,0,0,3.2,10,0,1,1,1,0,1,2.22,2
3335,15,0,3,2,10.9,9,0,2,1,0,0,0,2.23,2
3336,18,0,2,2,10.6,14,0,2,0,0,0,0,1.57,1
3337,17,0,2,3,1.5,6,0,1,1,0,0,0,2.08,0
3338,16,0,0,1,14.0,22,1,4,0,0,1,0,1.56,0
3339,18,1,0,2,12.5,1,1,2,1,0,1,0,3.57,1
3340,15,0,0,3,3.8,11,1,1,0,1,0,0,2.07,2
3341,16,0,2,2,9.4,18,0,1,0,1,0,0,1.29,2
3342,17,1,3,2,14.4,11,0,4,0,0,0,0,2.55,0
3343,15,0,0,0,10.6,15,0,3,0,0,0,1,2.04,2
3344,15,0,0,1,7.9,5,0,3,0,0,0,0,2.92,0
3345,15,0,1,1,6.4,2,1,0,0,0,0,1,2.8,2
3346,18,0,0,3,12.2,1,0,3,0,1,0,0,3.25,3
3347,17,0,0,1,18.8,19,0,2,0,0,1,0,1.82,1
3348,16,1,1,2,13.4,4,0,3,0,0,1,0,2.99,4
3349,18,0,2,2,1.5,10,1,4,0,0,1,0,2.63,3
3350,18,1,0,1,9.2,25,1,1,1,0,0,0,0.93,2
3351,18,1,0,2,17.8,24,0,2,0,0,1,0,0.87,4
3352,15,0,3,2,1.9,2,0,0,0,1,0,0,2.45,3
3353,17,1,0,3,19.8,2,0,2,0,1,0,1,3.5,1
3354,18,0,0,2,19.0,21,0,1,0,0,0,0,1.09,4
3355,16,1,0,2,1.6,4,1,4,1,1,0,0,3.98,4
3356,17,1,0,1,18.7,21,0,2,0,1,1,0,1.52,1
3357,16,0,0,3,7.3,22,0,3,0,0,0,0,0.77,3
3358,17,0,2,1,16.9,10,0,3,0,0,0,1,2.47,4
3359,16,0,0,2,8.4,2,0,4,1,0,0,0,3.29,1
3360,15,0,0,1,8.8,12,1,2,1,0,1,0,2.12,3
3361,18,0,1,3,12.7,20,0,2,0,0,0,0,1.35,2
3362,16,1,1,2,15.5,7,0,0,0,0,0,0,2.46,0
3363,17,1,2,2,0.7,19,1,0,0,0,0,0,1.04,2
3364,18,1,2,1,11.9,9,0,3,1,0,0,0,2.67,2
3365,18,1,0,2,3.7,1,1,0,0,0,0,0,2.74,0
3366,17,1,2,2,6.9,3,0,2,0,0,0,0,2.74,2
3367,16,1,0,2,7.0,17,0,0,0,0,0,0,0.98,2
3368,15,1,3,1,9.4,18,0,3,0,0,1,0,1.45,1
3369,15,0,0,4,6.7,3,0,2,0,0,1,1,3.16,1
3370,16,0,3,3,2.1,19,0,1,0,0,0,1,1.07,3
3371,18,1,2,1,2.9,25,0,1,0,1,0,1,0.57,4
3372,18,1,0,3,0.7,8,0,2,0,0,0,1,1.93,3
3373,18,0,1,2,9.4,15,0,3,0,0,0,0,1.85,1
3374,18,0,3,2,19.1,25,0,2,0,0,0,0,0.83,1
3375,16,0,2,1,2.3,5,1,3,1,0,0,0,2.91,0
3376,18,0,0,2,18.9,24,0,1,1,0,1,1,1.16,0
3377,17,1,2,2,14.7,3,0,0,1,0,0,0,2.93,1
3378,18,0,0,2,12.7,8,1,0,1,1,0,0,2.65,2
3379,15,1,0,2,12.9,26,0,2,0,0,1,1,0.71,3
3380,18,1,0,2,16.5,12,0,3,0,0,0,0,2.51,1
3381,16,1,0,2,2.1,8,0,1,1,1,0,0,1.98,1
3382,15,0,2,0,10.1,5,0,3,0,0,0,0,2.96,0
3383,16,0,0,3,13.9,20,0,2,0,0,0,0,1.19,3
3384,16,1,2,2,11.7,18,1,4,0,0,0,0,1.81,3
3385,15,1,0,1,16.7,13,1,3,0,1,0,0,2.54,4
3386,16,1,0,1,1.4,20,0,3,1,1,0,0,1.4,1
3387,16,0,0,2,13.8,14,0,2,0,0,0,0,2.0,4
3388,18,1,0,3,10.7,2,0,4,1,0,0,0,3.46,0
3389,17,0,0,1,7.6,4,1,4,0,1,0,0,3.28,4
3390,16,1,0,2,6.8,20,0,2,0,0,0,1,1.14,2
3391,16,1,1,0,12.4,17,0,2,0,1,1,0,1.8,1
3392,16,1,0,2,17.8,13,0,2,0,0,0,1,2.14,1
